Sector,Local.authority,leave_join,imd_decile,Homes_or_places,value
Third Sector,All,Entries,3,Places,25.0
Third Sector,All,Exits,5,Places,56.0
Third Sector,All,Exits,6,Places,59.0
Third Sector,All,Exits,7,Places,147.0
Third Sector,All,Exits,8,Places,180.0
Third Sector,All,Exits,9,Places,168.0
Third Sector,All,Exits,10,Places,152.0
For-profit,All,Net change,1,Children's homes,57.0
For-profit,All,Net change,2,Children's homes,59.0
Third Sector,All,Exits,4,Places,76.0
For-profit,All,Net change,3,Children's homes,23.0
For-profit,All,Net change,5,Children's homes,68.0
For-profit,All,Net change,6,Children's homes,15.0
For-profit,All,Net change,7,Children's homes,58.0
For-profit,All,Net change,8,Children's homes,9.0
For-profit,All,Net change,9,Children's homes,34.0
For-profit,All,Net change,10,Children's homes,-5.0
Local Authority,All,Net change,1,Children's homes,-48.0
Local Authority,All,Net change,2,Children's homes,-27.0
For-profit,All,Net change,4,Children's homes,64.0
Third Sector,All,Exits,3,Places,64.0
Third Sector,All,Exits,2,Places,108.0
Third Sector,All,Exits,1,Places,35.0
Local Authority,All,Exits,1,Places,203.0
Local Authority,All,Exits,2,Places,86.0
Local Authority,All,Exits,3,Places,120.0
Local Authority,All,Exits,4,Places,79.0
Local Authority,All,Exits,5,Places,116.0
Local Authority,All,Exits,6,Places,35.0
Local Authority,All,Exits,7,Places,181.0
Local Authority,All,Exits,8,Places,63.0
Local Authority,All,Exits,9,Places,111.0
Local Authority,All,Exits,10,Places,42.0
Third Sector,All,Entries,1,Places,60.0
Third Sector,All,Entries,2,Places,34.0
Third Sector,All,Entries,4,Places,6.0
Third Sector,All,Entries,5,Places,23.0
Third Sector,All,Entries,6,Places,46.0
Third Sector,All,Entries,7,Places,33.0
Third Sector,All,Entries,8,Places,37.0
Third Sector,All,Entries,9,Places,93.0
Third Sector,All,Entries,10,Places,77.0
Local Authority,All,Net change,3,Children's homes,-24.0
Local Authority,All,Net change,4,Children's homes,-11.0
Local Authority,All,Net change,5,Children's homes,-34.0
Local Authority,All,Net change,6,Children's homes,-4.0
For-profit,All,Net change,10,Places,-59.0
Local Authority,All,Net change,1,Places,-137.0
Local Authority,All,Net change,2,Places,-32.0
Local Authority,All,Net change,3,Places,-61.0
Local Authority,All,Net change,4,Places,-28.0
Local Authority,All,Net change,5,Places,-63.0
Local Authority,All,Net change,6,Places,33.0
Local Authority,All,Net change,7,Places,-90.0
Third Sector,All,Net change,10,Places,-75.0
Third Sector,All,Net change,9,Places,-75.0
Third Sector,All,Net change,8,Places,-143.0
Third Sector,All,Net change,7,Places,-114.0
Third Sector,All,Net change,6,Places,-13.0
Third Sector,All,Net change,5,Places,-33.0
Third Sector,All,Net change,4,Places,-70.0
Third Sector,All,Net change,3,Places,-39.0
Third Sector,All,Net change,2,Places,-74.0
Third Sector,All,Net change,1,Places,25.0
Local Authority,All,Net change,10,Places,7.0
For-profit,All,Net change,9,Places,317.0
Local Authority,All,Entries,10,Places,49.0
For-profit,All,Net change,8,Places,151.0
For-profit,All,Net change,6,Places,115.0
Local Authority,All,Net change,7,Children's homes,-45.0
Local Authority,All,Net change,8,Children's homes,-8.0
Local Authority,All,Net change,9,Children's homes,-25.0
Local Authority,All,Net change,10,Children's homes,-2.0
Third Sector,All,Net change,1,Children's homes,-1.0
Third Sector,All,Net change,2,Children's homes,-16.0
Third Sector,All,Net change,3,Children's homes,-9.0
Third Sector,All,Net change,4,Children's homes,-10.0
Third Sector,All,Net change,5,Children's homes,-7.0
Third Sector,All,Net change,6,Children's homes,-7.0
Third Sector,All,Net change,7,Children's homes,-23.0
Third Sector,All,Net change,8,Children's homes,-19.0
Third Sector,All,Net change,9,Children's homes,-22.0
Third Sector,All,Net change,10,Children's homes,-11.0
For-profit,All,Net change,1,Places,356.0
For-profit,All,Net change,2,Places,139.0
For-profit,All,Net change,3,Places,207.0
For-profit,All,Net change,4,Places,266.0
For-profit,All,Net change,5,Places,333.0
For-profit,All,Net change,7,Places,358.0
Local Authority,All,Net change,9,Places,-50.0
Local Authority,All,Entries,9,Places,61.0
Local Authority,All,Entries,7,Places,91.0
Local Authority,All,Entries,4,Children's homes,15.0
Local Authority,All,Entries,5,Children's homes,8.0
Local Authority,All,Entries,6,Children's homes,15.0
Local Authority,All,Entries,7,Children's homes,23.0
Local Authority,All,Entries,8,Children's homes,13.0
Local Authority,All,Entries,9,Children's homes,15.0
Local Authority,All,Entries,10,Children's homes,11.0
Local Authority,All,Exits,1,Children's homes,73.0
Local Authority,All,Entries,3,Children's homes,19.0
Local Authority,All,Exits,2,Children's homes,40.0
Local Authority,All,Exits,4,Children's homes,26.0
Local Authority,All,Exits,5,Children's homes,42.0
Local Authority,All,Exits,6,Children's homes,19.0
Local Authority,All,Exits,7,Children's homes,68.0
Local Authority,All,Exits,8,Children's homes,21.0
Local Authority,All,Exits,9,Children's homes,40.0
Local Authority,All,Exits,10,Children's homes,13.0
Third Sector,All,Entries,1,Children's homes,9.0
Local Authority,All,Exits,3,Children's homes,43.0
Local Authority,All,Entries,2,Children's homes,13.0
Local Authority,All,Entries,1,Children's homes,25.0
For-profit,All,Exits,10,Children's homes,49.0
For-profit,All,Entries,1,Children's homes,227.0
For-profit,All,Entries,2,Children's homes,142.0
For-profit,All,Entries,3,Children's homes,91.0
For-profit,All,Entries,4,Children's homes,132.0
For-profit,All,Entries,5,Children's homes,261.0
For-profit,All,Entries,6,Children's homes,113.0
For-profit,All,Entries,7,Children's homes,280.0
For-profit,All,Entries,8,Children's homes,256.0
For-profit,All,Entries,9,Children's homes,187.0
For-profit,All,Entries,10,Children's homes,44.0
For-profit,All,Exits,1,Children's homes,170.0
For-profit,All,Exits,2,Children's homes,83.0
For-profit,All,Exits,3,Children's homes,68.0
For-profit,All,Exits,4,Children's homes,68.0
For-profit,All,Exits,5,Children's homes,193.0
For-profit,All,Exits,6,Children's homes,98.0
For-profit,All,Exits,7,Children's homes,222.0
For-profit,All,Exits,8,Children's homes,247.0
For-profit,All,Exits,9,Children's homes,153.0
Third Sector,All,Entries,2,Children's homes,10.0
Third Sector,All,Entries,3,Children's homes,4.0
Third Sector,All,Entries,4,Children's homes,2.0
Third Sector,All,Entries,5,Children's homes,6.0
For-profit,All,Entries,8,Places,988.0
For-profit,All,Entries,9,Places,752.0
For-profit,All,Entries,10,Places,226.0
For-profit,All,Exits,1,Places,347.0
For-profit,All,Exits,2,Places,325.0
For-profit,All,Exits,3,Places,98.0
For-profit,All,Exits,4,Places,210.0
For-profit,All,Exits,5,Places,521.0
For-profit,All,Exits,6,Places,404.0
For-profit,All,Exits,7,Places,606.0
For-profit,All,Exits,8,Places,837.0
For-profit,All,Exits,9,Places,435.0
For-profit,All,Exits,10,Places,285.0
Local Authority,All,Entries,1,Places,66.0
Local Authority,All,Entries,2,Places,54.0
Local Authority,All,Entries,3,Places,59.0
Local Authority,All,Entries,4,Places,51.0
Local Authority,All,Entries,5,Places,53.0
Local Authority,All,Entries,6,Places,68.0
For-profit,All,Entries,7,Places,964.0
Local Authority,All,Entries,8,Places,41.0
For-profit,All,Entries,6,Places,519.0
For-profit,All,Entries,4,Places,476.0
Third Sector,All,Entries,6,Children's homes,7.0
Third Sector,All,Entries,7,Children's homes,7.0
Third Sector,All,Entries,8,Children's homes,6.0
Third Sector,All,Entries,9,Children's homes,10.0
Third Sector,All,Entries,10,Children's homes,6.0
Third Sector,All,Exits,1,Children's homes,10.0
Third Sector,All,Exits,2,Children's homes,26.0
Third Sector,All,Exits,3,Children's homes,13.0
Third Sector,All,Exits,4,Children's homes,12.0
Third Sector,All,Exits,5,Children's homes,13.0
Third Sector,All,Exits,6,Children's homes,14.0
Third Sector,All,Exits,7,Children's homes,30.0
Third Sector,All,Exits,8,Children's homes,25.0
Third Sector,All,Exits,9,Children's homes,32.0
Third Sector,All,Exits,10,Children's homes,17.0
For-profit,All,Entries,1,Places,703.0
For-profit,All,Entries,2,Places,464.0
For-profit,All,Entries,3,Places,305.0
For-profit,All,Entries,5,Places,854.0
Local Authority,All,Net change,8,Places,-22.0
For-profit,BARKING AND DAGENHAM,Entries,2,Places,20.0
For-profit,BARKING AND DAGENHAM,Entries,2,Children's homes,5.0
For-profit,BARKING AND DAGENHAM,Net change,2,Places,20.0
For-profit,BARKING AND DAGENHAM,Net change,2,Children's homes,5.0
Local Authority,BARNET,Exits,8,Places,6.0
For-profit,BARNET,Exits,8,Children's homes,1.0
Local Authority,BARNET,Exits,8,Children's homes,2.0
Local Authority,BARNET,Entries,8,Places,6.0
For-profit,BARNET,Entries,8,Children's homes,4.0
For-profit,BARNET,Exits,8,Places,3.0
Local Authority,BARNET,Entries,8,Children's homes,1.0
For-profit,BARNET,Net change,8,Places,12.0
For-profit,BARNET,Net change,8,Children's homes,3.0
Local Authority,BARNET,Net change,8,Children's homes,-1.0
For-profit,BARNET,Entries,8,Places,15.0
Local Authority,BARNET,Net change,8,Places,0.0
Local Authority,BARNSLEY,Exits,2,Places,0.0
Local Authority,BARNSLEY,Net change,2,Places,0.0
For-profit,BARNSLEY,Net change,2,Places,6.0
Local Authority,BARNSLEY,Net change,2,Children's homes,-1.0
For-profit,BARNSLEY,Exits,2,Children's homes,4.0
Local Authority,BARNSLEY,Exits,2,Children's homes,1.0
For-profit,BARNSLEY,Net change,2,Children's homes,1.0
For-profit,BARNSLEY,Entries,2,Places,12.0
For-profit,BARNSLEY,Entries,2,Children's homes,5.0
For-profit,BARNSLEY,Exits,2,Places,6.0
Third Sector,BATH AND NORTH EAST SOMERSET,Exits,10,Places,5.0
Third Sector,BATH AND NORTH EAST SOMERSET,Entries,10,Places,5.0
For-profit,BATH AND NORTH EAST SOMERSET,Entries,10,Places,4.0
Third Sector,BATH AND NORTH EAST SOMERSET,Net change,10,Places,0.0
Third Sector,BATH AND NORTH EAST SOMERSET,Net change,10,Children's homes,-1.0
For-profit,BATH AND NORTH EAST SOMERSET,Net change,10,Children's homes,1.0
For-profit,BATH AND NORTH EAST SOMERSET,Net change,10,Places,4.0
Third Sector,BATH AND NORTH EAST SOMERSET,Exits,10,Children's homes,2.0
For-profit,BATH AND NORTH EAST SOMERSET,Entries,10,Children's homes,1.0
Third Sector,BATH AND NORTH EAST SOMERSET,Entries,10,Children's homes,1.0
For-profit,BEDFORD,Entries,7,Children's homes,7.0
Third Sector,BEDFORD,Exits,7,Places,9.0
For-profit,BEDFORD,Entries,7,Places,21.0
For-profit,BEDFORD,Net change,7,Places,11.0
Third Sector,BEDFORD,Net change,7,Places,-9.0
For-profit,BEDFORD,Net change,7,Children's homes,0.0
For-profit,BEDFORD,Exits,7,Children's homes,7.0
For-profit,BEDFORD,Exits,7,Places,10.0
Third Sector,BEDFORD,Net change,7,Children's homes,-4.0
Third Sector,BEDFORD,Exits,7,Children's homes,4.0
For-profit,BEXLEY,Exits,8,Places,10.0
For-profit,BEXLEY,Entries,8,Places,31.0
Third Sector,BEXLEY,Exits,8,Children's homes,2.0
Third Sector,BEXLEY,Entries,8,Children's homes,1.0
Third Sector,BEXLEY,Exits,8,Places,10.0
For-profit,BEXLEY,Entries,8,Children's homes,7.0
Third Sector,BEXLEY,Entries,8,Places,10.0
Third Sector,BEXLEY,Net change,8,Children's homes,-1.0
Third Sector,BEXLEY,Net change,8,Places,0.0
For-profit,BEXLEY,Net change,8,Places,21.0
For-profit,BEXLEY,Exits,8,Children's homes,1.0
For-profit,BEXLEY,Net change,8,Children's homes,6.0
Third Sector,BIRMINGHAM,Exits,1,Places,16.0
For-profit,BIRMINGHAM,Net change,1,Places,70.0
Third Sector,BIRMINGHAM,Net change,1,Children's homes,4.0
Local Authority,BIRMINGHAM,Net change,1,Children's homes,-19.0
Third Sector,BIRMINGHAM,Entries,1,Places,54.0
For-profit,BIRMINGHAM,Net change,1,Children's homes,16.0
Local Authority,BIRMINGHAM,Exits,1,Places,77.0
Third Sector,BIRMINGHAM,Exits,1,Children's homes,3.0
Local Authority,BIRMINGHAM,Exits,1,Children's homes,20.0
For-profit,BIRMINGHAM,Exits,1,Children's homes,36.0
Third Sector,BIRMINGHAM,Net change,1,Places,38.0
Local Authority,BIRMINGHAM,Entries,1,Places,5.0
For-profit,BIRMINGHAM,Exits,1,Places,99.0
For-profit,BIRMINGHAM,Entries,1,Children's homes,52.0
For-profit,BIRMINGHAM,Entries,1,Places,169.0
Third Sector,BIRMINGHAM,Entries,1,Children's homes,7.0
Local Authority,BIRMINGHAM,Entries,1,Children's homes,1.0
Local Authority,BIRMINGHAM,Net change,1,Places,-72.0
Local Authority,BLACKBURN WITH DARWEN,Exits,1,Children's homes,5.0
For-profit,BLACKBURN WITH DARWEN,Exits,1,Children's homes,2.0
Local Authority,BLACKBURN WITH DARWEN,Exits,1,Places,14.0
For-profit,BLACKBURN WITH DARWEN,Exits,1,Places,1.0
For-profit,BLACKBURN WITH DARWEN,Net change,1,Children's homes,-2.0
Local Authority,BLACKBURN WITH DARWEN,Net change,1,Children's homes,-5.0
For-profit,BLACKBURN WITH DARWEN,Net change,1,Places,-1.0
Local Authority,BLACKBURN WITH DARWEN,Net change,1,Places,-14.0
For-profit,BLACKPOOL,Net change,1,Places,55.0
Local Authority,BLACKPOOL,Exits,1,Places,16.0
Local Authority,BLACKPOOL,Exits,1,Children's homes,5.0
Local Authority,BLACKPOOL,Net change,1,Places,-16.0
For-profit,BLACKPOOL,Exits,1,Places,21.0
Local Authority,BLACKPOOL,Net change,1,Children's homes,-5.0
For-profit,BLACKPOOL,Net change,1,Children's homes,16.0
For-profit,BLACKPOOL,Exits,1,Children's homes,18.0
For-profit,BLACKPOOL,Entries,1,Places,76.0
For-profit,BLACKPOOL,Entries,1,Children's homes,34.0
Third Sector,BOLTON,Exits,2,Children's homes,7.0
For-profit,BOLTON,Net change,2,Children's homes,10.0
Local Authority,BOLTON,Net change,2,Children's homes,-2.0
Third Sector,BOLTON,Net change,2,Children's homes,-5.0
For-profit,BOLTON,Net change,2,Places,26.0
For-profit,BOLTON,Exits,2,Children's homes,2.0
Local Authority,BOLTON,Net change,2,Places,-4.0
Third Sector,BOLTON,Net change,2,Places,-14.0
For-profit,BOLTON,Entries,2,Places,29.0
Local Authority,BOLTON,Exits,2,Children's homes,2.0
For-profit,BOLTON,Exits,2,Places,3.0
For-profit,BOLTON,Entries,2,Children's homes,12.0
Third Sector,BOLTON,Entries,2,Children's homes,2.0
Local Authority,BOLTON,Exits,2,Places,4.0
Third Sector,BOLTON,Entries,2,Places,4.0
Third Sector,BOLTON,Exits,2,Places,18.0
Local Authority,BOURNEMOUTH,Net change,7,Children's homes,-2.0
For-profit,BOURNEMOUTH,Net change,7,Children's homes,-4.0
Local Authority,BOURNEMOUTH,Net change,7,Places,-6.0
Local Authority,BOURNEMOUTH,Exits,7,Places,6.0
For-profit,BOURNEMOUTH,Net change,7,Places,-3.0
For-profit,BOURNEMOUTH,Entries,7,Places,4.0
For-profit,BOURNEMOUTH,Entries,7,Children's homes,1.0
For-profit,BOURNEMOUTH,Exits,7,Children's homes,5.0
For-profit,BOURNEMOUTH,Exits,7,Places,7.0
Local Authority,BOURNEMOUTH,Exits,7,Children's homes,2.0
For-profit,BOURNEMOUTH CHRISTCHURCH AND POOLE,Entries,7,Children's homes,7.0
Third Sector,BOURNEMOUTH CHRISTCHURCH AND POOLE,Exits,7,Children's homes,1.0
For-profit,BOURNEMOUTH CHRISTCHURCH AND POOLE,Net change,7,Children's homes,5.0
Third Sector,BOURNEMOUTH CHRISTCHURCH AND POOLE,Net change,7,Children's homes,-1.0
For-profit,BOURNEMOUTH CHRISTCHURCH AND POOLE,Exits,7,Children's homes,2.0
For-profit,BOURNEMOUTH CHRISTCHURCH AND POOLE,Entries,7,Places,15.0
For-profit,BOURNEMOUTH CHRISTCHURCH AND POOLE,Net change,7,Places,11.0
Third Sector,BOURNEMOUTH CHRISTCHURCH AND POOLE,Exits,7,Places,16.0
For-profit,BOURNEMOUTH CHRISTCHURCH AND POOLE,Exits,7,Places,4.0
Third Sector,BOURNEMOUTH CHRISTCHURCH AND POOLE,Net change,7,Places,-16.0
For-profit,BRACKNELL FOREST,Net change,10,Places,-4.0
For-profit,BRACKNELL FOREST,Exits,10,Places,4.0
For-profit,BRACKNELL FOREST,Exits,10,Children's homes,2.0
For-profit,BRACKNELL FOREST,Net change,10,Children's homes,-2.0
For-profit,BRADFORD,Exits,1,Places,14.0
For-profit,BRADFORD,Entries,1,Children's homes,15.0
For-profit,BRADFORD,Exits,1,Children's homes,3.0
For-profit,BRADFORD,Entries,1,Places,45.0
Third Sector,BRADFORD,Net change,1,Children's homes,-1.0
Local Authority,BRADFORD,Exits,1,Places,28.0
Local Authority,BRADFORD,Entries,1,Places,4.0
Local Authority,BRADFORD,Exits,1,Children's homes,9.0
For-profit,BRADFORD,Net change,1,Places,31.0
Local Authority,BRADFORD,Net change,1,Children's homes,-8.0
Local Authority,BRADFORD,Net change,1,Places,-24.0
For-profit,BRADFORD,Net change,1,Children's homes,12.0
Local Authority,BRADFORD,Entries,1,Children's homes,1.0
Third Sector,BRADFORD,Net change,1,Places,-6.0
Third Sector,BRADFORD,Exits,1,Children's homes,1.0
Third Sector,BRADFORD,Exits,1,Places,6.0
Third Sector,BRENT,Exits,4,Children's homes,3.0
For-profit,BRENT,Exits,4,Children's homes,5.0
For-profit,BRENT,Net change,4,Children's homes,2.0
For-profit,BRENT,Entries,4,Places,29.0
For-profit,BRENT,Entries,4,Children's homes,7.0
Third Sector,BRENT,Exits,4,Places,5.0
Third Sector,BRENT,Net change,4,Children's homes,-3.0
For-profit,BRENT,Net change,4,Places,16.0
Third Sector,BRENT,Net change,4,Places,-5.0
For-profit,BRENT,Exits,4,Places,13.0
For-profit,BRIGHTON AND HOVE,Entries,6,Places,10.0
Third Sector,BRIGHTON AND HOVE,Net change,6,Places,0.0
For-profit,BRIGHTON AND HOVE,Entries,6,Children's homes,2.0
For-profit,BRIGHTON AND HOVE,Exits,6,Children's homes,6.0
For-profit,BRIGHTON AND HOVE,Exits,6,Places,14.0
Third Sector,BRIGHTON AND HOVE,Exits,6,Children's homes,1.0
For-profit,BRIGHTON AND HOVE,Net change,6,Children's homes,-4.0
Third Sector,BRIGHTON AND HOVE,Net change,6,Children's homes,-1.0
For-profit,BRIGHTON AND HOVE,Net change,6,Places,-4.0
Third Sector,BRIGHTON AND HOVE,Exits,6,Places,0.0
For-profit,BRISTOL,Exits,4,Places,56.0
For-profit,BRISTOL,Exits,4,Children's homes,7.0
Local Authority,BRISTOL,Net change,4,Children's homes,-4.0
Third Sector,BRISTOL,Exits,4,Children's homes,2.0
For-profit,BRISTOL,Net change,4,Places,-8.0
For-profit,BRISTOL,Entries,4,Places,48.0
Local Authority,BRISTOL,Entries,4,Children's homes,3.0
Third Sector,BRISTOL,Net change,4,Children's homes,-2.0
Local Authority,BRISTOL,Net change,4,Places,-12.0
For-profit,BRISTOL,Net change,4,Children's homes,-6.0
Third Sector,BRISTOL,Net change,4,Places,-48.0
Third Sector,BRISTOL,Exits,4,Places,48.0
Local Authority,BRISTOL,Entries,4,Places,7.0
Local Authority,BRISTOL,Exits,4,Children's homes,7.0
Local Authority,BRISTOL,Exits,4,Places,19.0
For-profit,BRISTOL,Entries,4,Children's homes,1.0
For-profit,BROMLEY,Exits,9,Children's homes,1.0
For-profit,BROMLEY,Exits,9,Places,6.0
For-profit,BROMLEY,Net change,9,Children's homes,-1.0
For-profit,BROMLEY,Net change,9,Places,-6.0
Local Authority,BUCKINGHAMSHIRE,Net change,10,Children's homes,1.0
Local Authority,BUCKINGHAMSHIRE,Entries,10,Places,15.0
For-profit,BUCKINGHAMSHIRE,Entries,10,Places,19.0
For-profit,BUCKINGHAMSHIRE,Entries,10,Children's homes,4.0
For-profit,BUCKINGHAMSHIRE,Net change,10,Children's homes,0.0
Local Authority,BUCKINGHAMSHIRE,Entries,10,Children's homes,3.0
Third Sector,BUCKINGHAMSHIRE,Net change,10,Places,6.0
Local Authority,BUCKINGHAMSHIRE,Net change,10,Places,9.0
For-profit,BUCKINGHAMSHIRE,Net change,10,Places,2.0
Local Authority,BUCKINGHAMSHIRE,Exits,10,Places,6.0
Third Sector,BUCKINGHAMSHIRE,Entries,10,Places,6.0
For-profit,BUCKINGHAMSHIRE,Exits,10,Children's homes,4.0
Third Sector,BUCKINGHAMSHIRE,Entries,10,Children's homes,1.0
Third Sector,BUCKINGHAMSHIRE,Net change,10,Children's homes,1.0
For-profit,BUCKINGHAMSHIRE,Exits,10,Places,17.0
Local Authority,BUCKINGHAMSHIRE,Exits,10,Children's homes,2.0
For-profit,BURY,Exits,5,Children's homes,14.0
For-profit,BURY,Entries,5,Places,49.0
For-profit,BURY,Net change,5,Children's homes,2.0
For-profit,BURY,Entries,5,Children's homes,16.0
For-profit,BURY,Exits,5,Places,28.0
For-profit,BURY,Net change,5,Places,21.0
For-profit,CALDERDALE,Entries,4,Children's homes,22.0
For-profit,CALDERDALE,Net change,4,Places,49.0
Local Authority,CALDERDALE,Net change,4,Places,6.0
For-profit,CALDERDALE,Exits,4,Children's homes,4.0
Local Authority,CALDERDALE,Net change,4,Children's homes,2.0
Local Authority,CALDERDALE,Entries,4,Children's homes,2.0
Local Authority,CALDERDALE,Entries,4,Places,6.0
For-profit,CALDERDALE,Entries,4,Places,54.0
For-profit,CALDERDALE,Exits,4,Places,5.0
For-profit,CALDERDALE,Net change,4,Children's homes,18.0
Third Sector,CAMBRIDGESHIRE,Net change,9,Places,-57.0
For-profit,CAMBRIDGESHIRE,Net change,9,Places,62.0
Third Sector,CAMBRIDGESHIRE,Net change,9,Children's homes,-9.0
Local Authority,CAMBRIDGESHIRE,Net change,9,Children's homes,-3.0
For-profit,CAMBRIDGESHIRE,Net change,9,Children's homes,8.0
For-profit,CAMBRIDGESHIRE,Exits,9,Places,16.0
Local Authority,CAMBRIDGESHIRE,Net change,9,Places,0.0
Local Authority,CAMBRIDGESHIRE,Exits,9,Places,17.0
Local Authority,CAMBRIDGESHIRE,Entries,9,Places,17.0
For-profit,CAMBRIDGESHIRE,Exits,9,Children's homes,3.0
Local Authority,CAMBRIDGESHIRE,Exits,9,Children's homes,6.0
Third Sector,CAMBRIDGESHIRE,Exits,9,Children's homes,10.0
Third Sector,CAMBRIDGESHIRE,Entries,9,Places,2.0
Local Authority,CAMBRIDGESHIRE,Entries,9,Children's homes,3.0
Third Sector,CAMBRIDGESHIRE,Exits,9,Places,59.0
For-profit,CAMBRIDGESHIRE,Entries,9,Children's homes,11.0
For-profit,CAMBRIDGESHIRE,Entries,9,Places,78.0
Third Sector,CAMBRIDGESHIRE,Entries,9,Children's homes,1.0
For-profit,CAMDEN,Entries,6,Children's homes,2.0
For-profit,CAMDEN,Net change,6,Children's homes,2.0
For-profit,CAMDEN,Net change,6,Places,9.0
For-profit,CAMDEN,Entries,6,Places,9.0
Third Sector,CENTRAL BEDFORDSHIRE,Exits,10,Children's homes,2.0
For-profit,CENTRAL BEDFORDSHIRE,Entries,10,Children's homes,7.0
For-profit,CENTRAL BEDFORDSHIRE,Entries,10,Places,26.0
For-profit,CENTRAL BEDFORDSHIRE,Exits,10,Children's homes,5.0
Third Sector,CENTRAL BEDFORDSHIRE,Exits,10,Places,5.0
For-profit,CENTRAL BEDFORDSHIRE,Net change,10,Children's homes,2.0
Local Authority,CENTRAL BEDFORDSHIRE,Net change,10,Children's homes,1.0
For-profit,CENTRAL BEDFORDSHIRE,Exits,10,Places,13.0
For-profit,CENTRAL BEDFORDSHIRE,Net change,10,Places,13.0
Third Sector,CENTRAL BEDFORDSHIRE,Net change,10,Children's homes,-2.0
Third Sector,CENTRAL BEDFORDSHIRE,Net change,10,Places,-5.0
Local Authority,CENTRAL BEDFORDSHIRE,Entries,10,Places,5.0
Local Authority,CENTRAL BEDFORDSHIRE,Net change,10,Places,5.0
Local Authority,CENTRAL BEDFORDSHIRE,Entries,10,Children's homes,1.0
Third Sector,CHESHIRE EAST,Exits,9,Children's homes,4.0
Third Sector,CHESHIRE EAST,Entries,9,Places,6.0
For-profit,CHESHIRE EAST,Entries,9,Children's homes,17.0
Third Sector,CHESHIRE EAST,Exits,9,Places,8.0
Local Authority,CHESHIRE EAST,Exits,9,Children's homes,3.0
For-profit,CHESHIRE EAST,Exits,9,Places,17.0
Local Authority,CHESHIRE EAST,Net change,9,Children's homes,-3.0
Local Authority,CHESHIRE EAST,Exits,9,Places,4.0
For-profit,CHESHIRE EAST,Net change,9,Children's homes,11.0
Third Sector,CHESHIRE EAST,Entries,9,Children's homes,2.0
For-profit,CHESHIRE EAST,Exits,9,Children's homes,6.0
Third Sector,CHESHIRE EAST,Net change,9,Places,-2.0
Local Authority,CHESHIRE EAST,Net change,9,Places,-4.0
For-profit,CHESHIRE EAST,Net change,9,Places,60.0
Third Sector,CHESHIRE EAST,Net change,9,Children's homes,-2.0
For-profit,CHESHIRE EAST,Entries,9,Places,77.0
For-profit,CHESHIRE WEST AND CHESTER,Entries,7,Children's homes,10.0
Local Authority,CHESHIRE WEST AND CHESTER,Entries,7,Places,2.0
Local Authority,CHESHIRE WEST AND CHESTER,Exits,7,Places,4.0
For-profit,CHESHIRE WEST AND CHESTER,Exits,7,Children's homes,3.0
Local Authority,CHESHIRE WEST AND CHESTER,Entries,7,Children's homes,1.0
For-profit,CHESHIRE WEST AND CHESTER,Net change,7,Children's homes,7.0
For-profit,CHESHIRE WEST AND CHESTER,Exits,7,Places,4.0
Local Authority,CHESHIRE WEST AND CHESTER,Exits,7,Children's homes,2.0
Local Authority,CHESHIRE WEST AND CHESTER,Net change,7,Children's homes,-1.0
For-profit,CHESHIRE WEST AND CHESTER,Entries,7,Places,37.0
For-profit,CHESHIRE WEST AND CHESTER,Net change,7,Places,33.0
Local Authority,CHESHIRE WEST AND CHESTER,Net change,7,Places,-2.0
Third Sector,CORNWALL,Exits,5,Children's homes,3.0
Local Authority,CORNWALL,Entries,5,Children's homes,1.0
Local Authority,CORNWALL,Exits,5,Children's homes,9.0
Local Authority,CORNWALL,Entries,5,Places,3.0
Third Sector,CORNWALL,Exits,5,Places,7.0
For-profit,CORNWALL,Exits,5,Places,8.0
For-profit,CORNWALL,Entries,5,Children's homes,9.0
Third Sector,CORNWALL,Entries,5,Children's homes,2.0
Local Authority,CORNWALL,Exits,5,Places,30.0
For-profit,CORNWALL,Net change,5,Children's homes,7.0
Local Authority,CORNWALL,Net change,5,Children's homes,-8.0
Third Sector,CORNWALL,Net change,5,Children's homes,-1.0
For-profit,CORNWALL,Net change,5,Places,19.0
Local Authority,CORNWALL,Net change,5,Places,-27.0
Third Sector,CORNWALL,Net change,5,Places,2.0
For-profit,CORNWALL,Exits,5,Children's homes,2.0
For-profit,CORNWALL,Entries,5,Places,27.0
Third Sector,CORNWALL,Entries,5,Places,9.0
Local Authority,COVENTRY,Net change,4,Places,4.0
For-profit,COVENTRY,Exits,4,Places,20.0
For-profit,COVENTRY,Net change,4,Children's homes,-2.0
Local Authority,COVENTRY,Net change,4,Children's homes,1.0
For-profit,COVENTRY,Net change,4,Places,5.0
Local Authority,COVENTRY,Entries,4,Places,12.0
For-profit,COVENTRY,Entries,4,Places,25.0
Local Authority,COVENTRY,Exits,4,Places,8.0
For-profit,COVENTRY,Entries,4,Children's homes,7.0
Local Authority,COVENTRY,Exits,4,Children's homes,2.0
For-profit,COVENTRY,Exits,4,Children's homes,9.0
Local Authority,COVENTRY,Entries,4,Children's homes,3.0
For-profit,CROYDON,Exits,5,Places,30.0
For-profit,CROYDON,Net change,5,Places,21.0
For-profit,CROYDON,Entries,5,Places,51.0
For-profit,CROYDON,Exits,5,Children's homes,12.0
For-profit,CROYDON,Net change,5,Children's homes,-1.0
For-profit,CROYDON,Entries,5,Children's homes,11.0
Third Sector,CUMBRIA,Entries,6,Places,10.0
Local Authority,CUMBRIA,Net change,6,Children's homes,-1.0
For-profit,CUMBRIA,Net change,6,Children's homes,12.0
For-profit,CUMBRIA,Entries,6,Places,151.0
For-profit,CUMBRIA,Entries,6,Children's homes,35.0
Third Sector,CUMBRIA,Exits,6,Children's homes,2.0
Local Authority,CUMBRIA,Exits,6,Places,19.0
Local Authority,CUMBRIA,Net change,6,Places,15.0
Third Sector,CUMBRIA,Net change,6,Children's homes,0.0
For-profit,CUMBRIA,Exits,6,Children's homes,23.0
Local Authority,CUMBRIA,Exits,6,Children's homes,7.0
Third Sector,CUMBRIA,Entries,6,Children's homes,2.0
Local Authority,CUMBRIA,Entries,6,Places,34.0
Third Sector,CUMBRIA,Net change,6,Places,0.0
For-profit,CUMBRIA,Exits,6,Places,74.0
Third Sector,CUMBRIA,Exits,6,Places,10.0
Local Authority,CUMBRIA,Entries,6,Children's homes,6.0
For-profit,CUMBRIA,Net change,6,Places,77.0
For-profit,DARLINGTON,Exits,4,Children's homes,3.0
Local Authority,DARLINGTON,Entries,4,Children's homes,1.0
Local Authority,DARLINGTON,Net change,4,Places,0.0
For-profit,DARLINGTON,Net change,4,Places,-6.0
For-profit,DARLINGTON,Entries,4,Places,3.0
For-profit,DARLINGTON,Net change,4,Children's homes,-2.0
For-profit,DARLINGTON,Entries,4,Children's homes,1.0
Local Authority,DARLINGTON,Exits,4,Children's homes,1.0
Local Authority,DARLINGTON,Entries,4,Places,5.0
For-profit,DARLINGTON,Exits,4,Places,9.0
Local Authority,DARLINGTON,Exits,4,Places,5.0
Local Authority,DARLINGTON,Net change,4,Children's homes,0.0
For-profit,DERBY,Exits,4,Children's homes,8.0
For-profit,DERBY,Exits,4,Places,33.0
Local Authority,DERBY,Exits,4,Children's homes,4.0
Local Authority,DERBY,Exits,4,Places,12.0
For-profit,DERBY,Net change,4,Children's homes,9.0
For-profit,DERBY,Entries,4,Places,62.0
For-profit,DERBY,Entries,4,Children's homes,17.0
Local Authority,DERBY,Net change,4,Places,-12.0
For-profit,DERBY,Net change,4,Places,29.0
Local Authority,DERBY,Net change,4,Children's homes,-4.0
For-profit,DERBYSHIRE,Entries,7,Places,125.0
Local Authority,DERBYSHIRE,Exits,7,Places,16.0
Local Authority,DERBYSHIRE,Entries,7,Places,12.0
For-profit,DERBYSHIRE,Exits,7,Places,148.0
For-profit,DERBYSHIRE,Exits,7,Children's homes,21.0
For-profit,DERBYSHIRE,Entries,7,Children's homes,38.0
Local Authority,DERBYSHIRE,Net change,7,Children's homes,-4.0
Local Authority,DERBYSHIRE,Entries,7,Children's homes,4.0
For-profit,DERBYSHIRE,Net change,7,Places,-23.0
Local Authority,DERBYSHIRE,Net change,7,Places,-4.0
For-profit,DERBYSHIRE,Net change,7,Children's homes,17.0
Local Authority,DERBYSHIRE,Exits,7,Children's homes,8.0
For-profit,DEVON,Entries,8,Places,82.0
For-profit,DEVON,Exits,8,Places,116.0
Local Authority,DEVON,Entries,8,Children's homes,4.0
Local Authority,DEVON,Entries,8,Places,15.0
Third Sector,DEVON,Exits,8,Places,85.0
Third Sector,DEVON,Entries,8,Places,4.0
Local Authority,DEVON,Exits,8,Places,0.0
Third Sector,DEVON,Entries,8,Children's homes,1.0
Third Sector,DEVON,Exits,8,Children's homes,10.0
Local Authority,DEVON,Net change,8,Children's homes,3.0
For-profit,DEVON,Exits,8,Children's homes,46.0
Third Sector,DEVON,Net change,8,Places,-81.0
Local Authority,DEVON,Net change,8,Places,15.0
Local Authority,DEVON,Exits,8,Children's homes,1.0
For-profit,DEVON,Entries,8,Children's homes,30.0
For-profit,DEVON,Net change,8,Children's homes,-16.0
For-profit,DEVON,Net change,8,Places,-34.0
Third Sector,DEVON,Net change,8,Children's homes,-9.0
Third Sector,DONCASTER,Net change,2,Children's homes,-6.0
Local Authority,DONCASTER,Net change,2,Places,14.0
For-profit,DONCASTER,Net change,2,Children's homes,-1.0
Local Authority,DONCASTER,Entries,2,Children's homes,5.0
Third Sector,DONCASTER,Net change,2,Places,-30.0
For-profit,DONCASTER,Entries,2,Places,32.0
For-profit,DONCASTER,Entries,2,Children's homes,12.0
Local Authority,DONCASTER,Entries,2,Places,24.0
Third Sector,DONCASTER,Exits,2,Places,35.0
Third Sector,DONCASTER,Entries,2,Places,5.0
Local Authority,DONCASTER,Exits,2,Places,10.0
Third Sector,DONCASTER,Exits,2,Children's homes,8.0
For-profit,DONCASTER,Exits,2,Children's homes,13.0
For-profit,DONCASTER,Exits,2,Places,184.0
Local Authority,DONCASTER,Net change,2,Children's homes,-1.0
Local Authority,DONCASTER,Exits,2,Children's homes,6.0
For-profit,DONCASTER,Net change,2,Places,-152.0
Third Sector,DONCASTER,Entries,2,Children's homes,2.0
Local Authority,DORSET,Entries,8,Children's homes,3.0
Third Sector,DORSET,Net change,8,Places,-36.0
Local Authority,DORSET,Net change,8,Places,-5.0
For-profit,DORSET,Net change,8,Places,-123.0
Third Sector,DORSET,Net change,8,Children's homes,-2.0
For-profit,DORSET,Exits,8,Places,138.0
For-profit,DORSET,Exits,8,Children's homes,8.0
For-profit,DORSET,Entries,8,Places,15.0
For-profit,DORSET,Entries,8,Children's homes,7.0
Local Authority,DORSET,Exits,8,Children's homes,5.0
Local Authority,DORSET,Entries,8,Places,5.0
Third Sector,DORSET,Exits,8,Places,36.0
Third Sector,DORSET,Exits,8,Children's homes,2.0
Local Authority,DORSET,Exits,8,Places,10.0
Local Authority,DORSET,Net change,8,Children's homes,-2.0
For-profit,DORSET,Net change,8,Children's homes,-1.0
Third Sector,DUDLEY,Net change,5,Children's homes,-1.0
For-profit,DUDLEY,Entries,5,Places,20.0
Third Sector,DUDLEY,Exits,5,Places,1.0
Third Sector,DUDLEY,Entries,5,Places,1.0
Third Sector,DUDLEY,Exits,5,Children's homes,2.0
Local Authority,DUDLEY,Exits,5,Places,17.0
For-profit,DUDLEY,Net change,5,Children's homes,1.0
Local Authority,DUDLEY,Net change,5,Children's homes,-8.0
For-profit,DUDLEY,Entries,5,Children's homes,5.0
Third Sector,DUDLEY,Entries,5,Children's homes,1.0
For-profit,DUDLEY,Net change,5,Places,16.0
Third Sector,DUDLEY,Net change,5,Places,0.0
Local Authority,DUDLEY,Exits,5,Children's homes,8.0
Local Authority,DUDLEY,Net change,5,Places,-17.0
For-profit,DUDLEY,Exits,5,Children's homes,4.0
For-profit,DUDLEY,Exits,5,Places,4.0
Local Authority,DURHAM,Exits,4,Children's homes,6.0
For-profit,DURHAM,Entries,4,Children's homes,19.0
Local Authority,DURHAM,Exits,4,Places,9.0
For-profit,DURHAM,Entries,4,Places,70.0
For-profit,DURHAM,Net change,4,Places,50.0
For-profit,DURHAM,Exits,4,Children's homes,9.0
For-profit,DURHAM,Exits,4,Places,20.0
Local Authority,DURHAM,Net change,4,Children's homes,-3.0
Local Authority,DURHAM,Entries,4,Children's homes,3.0
For-profit,DURHAM,Net change,4,Children's homes,10.0
Local Authority,DURHAM,Net change,4,Places,-1.0
Local Authority,DURHAM,Entries,4,Places,8.0
Local Authority,EALING,Net change,5,Places,-15.0
For-profit,EALING,Net change,5,Places,8.0
Third Sector,EALING,Net change,5,Children's homes,-1.0
Local Authority,EALING,Exits,5,Places,15.0
Third Sector,EALING,Net change,5,Places,-25.0
Third Sector,EALING,Exits,5,Children's homes,2.0
Local Authority,EALING,Net change,5,Children's homes,-4.0
Third Sector,EALING,Entries,5,Places,6.0
Local Authority,EALING,Exits,5,Children's homes,4.0
Third Sector,EALING,Exits,5,Places,31.0
For-profit,EALING,Net change,5,Children's homes,0.0
For-profit,EALING,Exits,5,Places,7.0
For-profit,EALING,Entries,5,Places,15.0
For-profit,EALING,Entries,5,Children's homes,4.0
For-profit,EALING,Exits,5,Children's homes,4.0
Third Sector,EALING,Entries,5,Children's homes,1.0
Local Authority,EAST RIDING OF YORKSHIRE,Net change,9,Places,-5.0
Local Authority,EAST RIDING OF YORKSHIRE,Entries,9,Children's homes,1.0
For-profit,EAST RIDING OF YORKSHIRE,Exits,9,Places,19.0
For-profit,EAST RIDING OF YORKSHIRE,Entries,9,Places,20.0
Local Authority,EAST RIDING OF YORKSHIRE,Exits,9,Places,6.0
For-profit,EAST RIDING OF YORKSHIRE,Net change,9,Children's homes,0.0
For-profit,EAST RIDING OF YORKSHIRE,Exits,9,Children's homes,9.0
Local Authority,EAST RIDING OF YORKSHIRE,Net change,9,Children's homes,-1.0
Third Sector,EAST RIDING OF YORKSHIRE,Net change,9,Children's homes,1.0
Third Sector,EAST RIDING OF YORKSHIRE,Entries,9,Places,4.0
Local Authority,EAST RIDING OF YORKSHIRE,Entries,9,Places,1.0
Local Authority,EAST RIDING OF YORKSHIRE,Exits,9,Children's homes,2.0
For-profit,EAST RIDING OF YORKSHIRE,Entries,9,Children's homes,9.0
Third Sector,EAST RIDING OF YORKSHIRE,Entries,9,Children's homes,1.0
For-profit,EAST RIDING OF YORKSHIRE,Net change,9,Places,1.0
Third Sector,EAST RIDING OF YORKSHIRE,Net change,9,Places,4.0
Local Authority,EAST SUSSEX,Entries,6,Places,5.0
For-profit,EAST SUSSEX,Exits,6,Places,27.0
Local Authority,EAST SUSSEX,Exits,6,Children's homes,1.0
For-profit,EAST SUSSEX,Net change,6,Places,37.0
Local Authority,EAST SUSSEX,Net change,6,Children's homes,0.0
Local Authority,EAST SUSSEX,Exits,6,Places,0.0
For-profit,EAST SUSSEX,Entries,6,Children's homes,14.0
For-profit,EAST SUSSEX,Exits,6,Children's homes,9.0
Local Authority,EAST SUSSEX,Net change,6,Places,5.0
Local Authority,EAST SUSSEX,Entries,6,Children's homes,1.0
For-profit,EAST SUSSEX,Entries,6,Places,64.0
For-profit,EAST SUSSEX,Net change,6,Children's homes,5.0
Third Sector,ENFIELD,Net change,4,Children's homes,1.0
For-profit,ENFIELD,Net change,4,Children's homes,-1.0
For-profit,ENFIELD,Exits,4,Places,10.0
For-profit,ENFIELD,Entries,4,Places,21.0
Third Sector,ENFIELD,Net change,4,Places,1.0
Third Sector,ENFIELD,Entries,4,Children's homes,1.0
For-profit,ENFIELD,Exits,4,Children's homes,6.0
For-profit,ENFIELD,Entries,4,Children's homes,5.0
Third Sector,ENFIELD,Entries,4,Places,1.0
For-profit,ENFIELD,Net change,4,Places,11.0
For-profit,ESSEX,Exits,8,Children's homes,32.0
Local Authority,ESSEX,Exits,8,Children's homes,4.0
For-profit,ESSEX,Entries,8,Children's homes,38.0
Third Sector,ESSEX,Exits,8,Children's homes,1.0
Local Authority,ESSEX,Exits,8,Places,16.0
Third Sector,ESSEX,Net change,8,Children's homes,-1.0
Local Authority,ESSEX,Net change,8,Children's homes,-4.0
For-profit,ESSEX,Net change,8,Places,104.0
Local Authority,ESSEX,Net change,8,Places,-16.0
For-profit,ESSEX,Exits,8,Places,72.0
For-profit,ESSEX,Entries,8,Places,176.0
Third Sector,ESSEX,Net change,8,Places,0.0
For-profit,ESSEX,Net change,8,Children's homes,6.0
Third Sector,ESSEX,Exits,8,Places,0.0
Local Authority,GATESHEAD,Entries,3,Places,9.0
Local Authority,GATESHEAD,Exits,3,Places,5.0
Local Authority,GATESHEAD,Net change,3,Places,4.0
For-profit,GATESHEAD,Exits,3,Children's homes,2.0
Local Authority,GATESHEAD,Net change,3,Children's homes,0.0
For-profit,GATESHEAD,Net change,3,Children's homes,5.0
Local Authority,GATESHEAD,Entries,3,Children's homes,2.0
For-profit,GATESHEAD,Exits,3,Places,2.0
For-profit,GATESHEAD,Net change,3,Places,26.0
Local Authority,GATESHEAD,Exits,3,Children's homes,2.0
For-profit,GATESHEAD,Entries,3,Children's homes,7.0
For-profit,GATESHEAD,Entries,3,Places,28.0
Local Authority,GLOUCESTERSHIRE,Net change,9,Places,-6.0
For-profit,GLOUCESTERSHIRE,Exits,9,Children's homes,15.0
For-profit,GLOUCESTERSHIRE,Net change,9,Places,-10.0
For-profit,GLOUCESTERSHIRE,Exits,9,Places,83.0
Local Authority,GLOUCESTERSHIRE,Exits,9,Places,6.0
For-profit,GLOUCESTERSHIRE,Entries,9,Children's homes,15.0
For-profit,GLOUCESTERSHIRE,Entries,9,Places,73.0
Local Authority,GLOUCESTERSHIRE,Exits,9,Children's homes,3.0
Local Authority,GLOUCESTERSHIRE,Net change,9,Children's homes,-3.0
For-profit,GLOUCESTERSHIRE,Net change,9,Children's homes,0.0
Local Authority,GREENWICH,Exits,5,Places,4.0
Local Authority,GREENWICH,Net change,5,Places,8.0
Local Authority,GREENWICH,Exits,5,Children's homes,2.0
For-profit,GREENWICH,Exits,5,Places,16.0
Local Authority,GREENWICH,Entries,5,Places,12.0
For-profit,GREENWICH,Net change,5,Places,-2.0
For-profit,GREENWICH,Exits,5,Children's homes,5.0
For-profit,GREENWICH,Net change,5,Children's homes,-2.0
Local Authority,GREENWICH,Entries,5,Children's homes,1.0
For-profit,GREENWICH,Entries,5,Places,14.0
For-profit,GREENWICH,Entries,5,Children's homes,3.0
Local Authority,GREENWICH,Net change,5,Children's homes,-1.0
For-profit,HACKNEY,Net change,2,Children's homes,1.0
For-profit,HACKNEY,Net change,2,Places,2.0
For-profit,HACKNEY,Entries,2,Places,2.0
For-profit,HACKNEY,Entries,2,Children's homes,1.0
Local Authority,HALTON,Net change,2,Places,-4.0
For-profit,HALTON,Exits,2,Children's homes,2.0
Local Authority,HALTON,Exits,2,Children's homes,2.0
For-profit,HALTON,Exits,2,Places,4.0
For-profit,HALTON,Entries,2,Children's homes,7.0
For-profit,HALTON,Net change,2,Children's homes,5.0
Local Authority,HALTON,Exits,2,Places,4.0
Local Authority,HALTON,Net change,2,Children's homes,-2.0
For-profit,HALTON,Entries,2,Places,18.0
For-profit,HALTON,Net change,2,Places,14.0
Third Sector,HAMMERSMITH AND FULHAM,Entries,6,Places,4.0
Third Sector,HAMMERSMITH AND FULHAM,Net change,6,Places,4.0
Third Sector,HAMMERSMITH AND FULHAM,Entries,6,Children's homes,1.0
Third Sector,HAMMERSMITH AND FULHAM,Net change,6,Children's homes,1.0
For-profit,HAMPSHIRE,Entries,9,Places,144.0
For-profit,HAMPSHIRE,Net change,9,Children's homes,19.0
Third Sector,HAMPSHIRE,Exits,9,Places,13.0
Local Authority,HAMPSHIRE,Net change,9,Children's homes,-9.0
For-profit,HAMPSHIRE,Exits,9,Places,32.0
Third Sector,HAMPSHIRE,Net change,9,Children's homes,-4.0
Local Authority,HAMPSHIRE,Exits,9,Children's homes,15.0
Local Authority,HAMPSHIRE,Net change,9,Places,-25.0
Third Sector,HAMPSHIRE,Net change,9,Places,-8.0
Third Sector,HAMPSHIRE,Exits,9,Children's homes,5.0
For-profit,HAMPSHIRE,Exits,9,Children's homes,13.0
Local Authority,HAMPSHIRE,Entries,9,Places,24.0
Third Sector,HAMPSHIRE,Entries,9,Places,5.0
For-profit,HAMPSHIRE,Entries,9,Children's homes,32.0
Local Authority,HAMPSHIRE,Exits,9,Places,49.0
Third Sector,HAMPSHIRE,Entries,9,Children's homes,1.0
For-profit,HAMPSHIRE,Net change,9,Places,112.0
Local Authority,HAMPSHIRE,Entries,9,Children's homes,6.0
For-profit,HARINGEY,Net change,3,Children's homes,-2.0
Local Authority,HARINGEY,Net change,3,Children's homes,-1.0
For-profit,HARINGEY,Net change,3,Places,9.0
Local Authority,HARINGEY,Net change,3,Places,0.0
For-profit,HARINGEY,Entries,3,Places,18.0
For-profit,HARINGEY,Exits,3,Places,9.0
Local Authority,HARINGEY,Entries,3,Places,6.0
Local Authority,HARINGEY,Exits,3,Places,6.0
Local Authority,HARINGEY,Exits,3,Children's homes,2.0
For-profit,HARINGEY,Entries,3,Children's homes,4.0
Local Authority,HARINGEY,Entries,3,Children's homes,1.0
For-profit,HARINGEY,Exits,3,Children's homes,6.0
For-profit,HARROW,Exits,9,Children's homes,2.0
For-profit,HARROW,Exits,9,Places,5.0
For-profit,HARROW,Entries,9,Children's homes,3.0
For-profit,HARROW,Net change,9,Children's homes,1.0
For-profit,HARROW,Net change,9,Places,4.0
For-profit,HARROW,Entries,9,Places,9.0
Local Authority,HARTLEPOOL,Entries,1,Children's homes,2.0
For-profit,HARTLEPOOL,Exits,1,Children's homes,4.0
For-profit,HARTLEPOOL,Net change,1,Children's homes,-1.0
For-profit,HARTLEPOOL,Entries,1,Places,16.0
Local Authority,HARTLEPOOL,Net change,1,Children's homes,2.0
For-profit,HARTLEPOOL,Net change,1,Places,-3.0
Local Authority,HARTLEPOOL,Net change,1,Places,4.0
For-profit,HARTLEPOOL,Entries,1,Children's homes,3.0
For-profit,HARTLEPOOL,Exits,1,Places,19.0
Local Authority,HARTLEPOOL,Entries,1,Places,4.0
For-profit,HAVERING,Entries,8,Children's homes,8.0
For-profit,HAVERING,Exits,8,Children's homes,6.0
For-profit,HAVERING,Entries,8,Places,36.0
For-profit,HAVERING,Exits,8,Places,26.0
For-profit,HAVERING,Net change,8,Places,10.0
For-profit,HAVERING,Net change,8,Children's homes,2.0
For-profit,HEREFORDSHIRE,Entries,7,Children's homes,9.0
For-profit,HEREFORDSHIRE,Exits,7,Places,20.0
Local Authority,HEREFORDSHIRE,Net change,7,Children's homes,1.0
For-profit,HEREFORDSHIRE,Net change,7,Children's homes,-2.0
Local Authority,HEREFORDSHIRE,Entries,7,Places,15.0
For-profit,HEREFORDSHIRE,Net change,7,Places,16.0
Local Authority,HEREFORDSHIRE,Net change,7,Places,15.0
For-profit,HEREFORDSHIRE,Exits,7,Children's homes,11.0
For-profit,HEREFORDSHIRE,Entries,7,Places,36.0
Local Authority,HEREFORDSHIRE,Entries,7,Children's homes,1.0
Third Sector,HERTFORDSHIRE,Net change,9,Places,2.0
Local Authority,HERTFORDSHIRE,Net change,9,Places,3.0
Local Authority,HERTFORDSHIRE,Net change,9,Children's homes,1.0
For-profit,HERTFORDSHIRE,Net change,9,Places,-31.0
Third Sector,HERTFORDSHIRE,Entries,9,Places,69.0
For-profit,HERTFORDSHIRE,Net change,9,Children's homes,8.0
Third Sector,HERTFORDSHIRE,Net change,9,Children's homes,-2.0
Local Authority,HERTFORDSHIRE,Entries,9,Children's homes,1.0
Local Authority,HERTFORDSHIRE,Entries,9,Places,3.0
For-profit,HERTFORDSHIRE,Entries,9,Children's homes,10.0
Third Sector,HERTFORDSHIRE,Entries,9,Children's homes,3.0
Third Sector,HERTFORDSHIRE,Exits,9,Places,67.0
For-profit,HERTFORDSHIRE,Exits,9,Places,63.0
For-profit,HERTFORDSHIRE,Entries,9,Places,32.0
For-profit,HERTFORDSHIRE,Exits,9,Children's homes,2.0
Third Sector,HERTFORDSHIRE,Exits,9,Children's homes,5.0
Local Authority,HILLINGDON,Net change,7,Places,-1.0
Third Sector,HILLINGDON,Net change,7,Places,-12.0
Third Sector,HILLINGDON,Net change,7,Children's homes,-2.0
Local Authority,HILLINGDON,Net change,7,Children's homes,-1.0
Local Authority,HILLINGDON,Exits,7,Children's homes,2.0
Third Sector,HILLINGDON,Exits,7,Children's homes,2.0
Third Sector,HILLINGDON,Exits,7,Places,12.0
Local Authority,HILLINGDON,Exits,7,Places,6.0
Local Authority,HILLINGDON,Entries,7,Places,5.0
Local Authority,HILLINGDON,Entries,7,Children's homes,1.0
For-profit,HOUNSLOW,Net change,6,Places,-4.0
For-profit,HOUNSLOW,Exits,6,Places,7.0
For-profit,HOUNSLOW,Exits,6,Children's homes,4.0
For-profit,HOUNSLOW,Net change,6,Children's homes,-3.0
For-profit,HOUNSLOW,Entries,6,Children's homes,1.0
For-profit,HOUNSLOW,Entries,6,Places,3.0
For-profit,ISLE OF WIGHT,Net change,5,Places,-1.0
For-profit,ISLE OF WIGHT,Exits,5,Places,8.0
For-profit,ISLE OF WIGHT,Exits,5,Children's homes,3.0
For-profit,ISLE OF WIGHT,Net change,5,Children's homes,-1.0
For-profit,ISLE OF WIGHT,Entries,5,Children's homes,2.0
For-profit,ISLE OF WIGHT,Entries,5,Places,7.0
Local Authority,ISLINGTON,Exits,3,Places,6.0
Local Authority,ISLINGTON,Net change,3,Children's homes,-2.0
Third Sector,ISLINGTON,Exits,3,Children's homes,1.0
Local Authority,ISLINGTON,Exits,3,Children's homes,2.0
For-profit,ISLINGTON,Net change,3,Children's homes,1.0
Third Sector,ISLINGTON,Net change,3,Children's homes,-1.0
Third Sector,ISLINGTON,Net change,3,Places,0.0
For-profit,ISLINGTON,Entries,3,Children's homes,1.0
For-profit,ISLINGTON,Net change,3,Places,5.0
For-profit,ISLINGTON,Entries,3,Places,5.0
Third Sector,ISLINGTON,Exits,3,Places,0.0
Local Authority,ISLINGTON,Net change,3,Places,-6.0
Local Authority,KENSINGTON AND CHELSEA,Exits,6,Places,7.0
Local Authority,KENSINGTON AND CHELSEA,Net change,6,Children's homes,-3.0
Local Authority,KENSINGTON AND CHELSEA,Exits,6,Children's homes,3.0
Local Authority,KENSINGTON AND CHELSEA,Net change,6,Places,-7.0
Local Authority,KENT,Net change,7,Places,3.0
Third Sector,KENT,Net change,7,Children's homes,-2.0
For-profit,KENT,Net change,7,Children's homes,0.0
Third Sector,KENT,Net change,7,Places,-5.0
For-profit,KENT,Exits,7,Children's homes,32.0
Local Authority,KENT,Entries,7,Places,3.0
For-profit,KENT,Net change,7,Places,9.0
Local Authority,KENT,Net change,7,Children's homes,0.0
Third Sector,KENT,Entries,7,Children's homes,1.0
For-profit,KENT,Entries,7,Places,124.0
Local Authority,KENT,Entries,7,Children's homes,1.0
Third Sector,KENT,Exits,7,Places,9.0
Local Authority,KENT,Exits,7,Places,0.0
Third Sector,KENT,Exits,7,Children's homes,3.0
Local Authority,KENT,Exits,7,Children's homes,1.0
For-profit,KENT,Exits,7,Places,115.0
Third Sector,KENT,Entries,7,Places,4.0
For-profit,KENT,Entries,7,Children's homes,32.0
Local Authority,KINGSTON UPON HULL,Net change,1,Children's homes,5.0
For-profit,KINGSTON UPON HULL,Entries,1,Children's homes,2.0
Local Authority,KINGSTON UPON HULL,Exits,1,Places,14.0
For-profit,KINGSTON UPON HULL,Exits,1,Children's homes,2.0
For-profit,KINGSTON UPON HULL,Net change,1,Places,5.0
Local Authority,KINGSTON UPON HULL,Net change,1,Places,3.0
Local Authority,KINGSTON UPON HULL,Entries,1,Children's homes,10.0
Local Authority,KINGSTON UPON HULL,Exits,1,Children's homes,5.0
For-profit,KINGSTON UPON HULL,Exits,1,Places,2.0
For-profit,KINGSTON UPON HULL,Net change,1,Children's homes,0.0
Local Authority,KINGSTON UPON HULL,Entries,1,Places,17.0
For-profit,KINGSTON UPON HULL,Entries,1,Places,7.0
Third Sector,KINGSTON UPON THAMES,Exits,10,Places,23.0
Third Sector,KINGSTON UPON THAMES,Net change,10,Places,-23.0
For-profit,KINGSTON UPON THAMES,Net change,10,Places,7.0
Third Sector,KINGSTON UPON THAMES,Net change,10,Children's homes,-3.0
For-profit,KINGSTON UPON THAMES,Entries,10,Children's homes,1.0
Third Sector,KINGSTON UPON THAMES,Exits,10,Children's homes,3.0
For-profit,KINGSTON UPON THAMES,Net change,10,Children's homes,1.0
For-profit,KINGSTON UPON THAMES,Entries,10,Places,7.0
For-profit,KIRKLEES,Exits,5,Places,13.0
For-profit,KIRKLEES,Net change,5,Places,56.0
Local Authority,KIRKLEES,Net change,5,Children's homes,1.0
For-profit,KIRKLEES,Net change,5,Children's homes,13.0
For-profit,KIRKLEES,Entries,5,Places,69.0
For-profit,KIRKLEES,Exits,5,Children's homes,11.0
Local Authority,KIRKLEES,Entries,5,Places,8.0
Local Authority,KIRKLEES,Entries,5,Children's homes,1.0
For-profit,KIRKLEES,Entries,5,Children's homes,24.0
Local Authority,KIRKLEES,Net change,5,Places,8.0
Local Authority,KNOWSLEY,Entries,1,Children's homes,1.0
For-profit,KNOWSLEY,Entries,1,Places,18.0
For-profit,KNOWSLEY,Entries,1,Children's homes,7.0
Local Authority,KNOWSLEY,Exits,1,Children's homes,1.0
Local Authority,KNOWSLEY,Entries,1,Places,4.0
For-profit,KNOWSLEY,Exits,1,Children's homes,4.0
Local Authority,KNOWSLEY,Exits,1,Places,0.0
Local Authority,KNOWSLEY,Net change,1,Places,4.0
For-profit,KNOWSLEY,Net change,1,Places,12.0
Local Authority,KNOWSLEY,Net change,1,Children's homes,0.0
For-profit,KNOWSLEY,Net change,1,Children's homes,3.0
For-profit,KNOWSLEY,Exits,1,Places,6.0
For-profit,LAMBETH,Exits,5,Children's homes,6.0
For-profit,LAMBETH,Net change,5,Places,-12.0
For-profit,LAMBETH,Net change,5,Children's homes,-6.0
For-profit,LAMBETH,Exits,5,Places,12.0
Local Authority,LANCASHIRE,Exits,5,Children's homes,10.0
For-profit,LANCASHIRE,Entries,5,Children's homes,162.0
For-profit,LANCASHIRE,Exits,5,Places,303.0
Local Authority,LANCASHIRE,Entries,5,Children's homes,3.0
Third Sector,LANCASHIRE,Entries,5,Places,2.0
Third Sector,LANCASHIRE,Entries,5,Children's homes,1.0
For-profit,LANCASHIRE,Net change,5,Children's homes,67.0
For-profit,LANCASHIRE,Exits,5,Children's homes,95.0
Local Authority,LANCASHIRE,Exits,5,Places,22.0
For-profit,LANCASHIRE,Entries,5,Places,507.0
Local Authority,LANCASHIRE,Entries,5,Places,16.0
Local Authority,LANCASHIRE,Net change,5,Children's homes,-7.0
Local Authority,LANCASHIRE,Net change,5,Places,-6.0
Third Sector,LANCASHIRE,Net change,5,Children's homes,1.0
Third Sector,LANCASHIRE,Net change,5,Places,2.0
For-profit,LANCASHIRE,Net change,5,Places,204.0
Local Authority,LEEDS,Exits,3,Children's homes,5.0
For-profit,LEEDS,Net change,3,Children's homes,6.0
For-profit,LEEDS,Exits,3,Children's homes,2.0
Local Authority,LEEDS,Entries,3,Places,4.0
For-profit,LEEDS,Exits,3,Places,3.0
For-profit,LEEDS,Entries,3,Children's homes,8.0
Local Authority,LEEDS,Exits,3,Places,9.0
Local Authority,LEEDS,Net change,3,Places,-5.0
Local Authority,LEEDS,Net change,3,Children's homes,-4.0
For-profit,LEEDS,Entries,3,Places,16.0
Local Authority,LEEDS,Entries,3,Children's homes,1.0
For-profit,LEEDS,Net change,3,Places,13.0
Third Sector,LEICESTER,Net change,2,Children's homes,1.0
Local Authority,LEICESTER,Entries,2,Places,2.0
Local Authority,LEICESTER,Net change,2,Places,2.0
Third Sector,LEICESTER,Net change,2,Places,3.0
For-profit,LEICESTER,Exits,2,Children's homes,4.0
For-profit,LEICESTER,Net change,2,Places,21.0
Local Authority,LEICESTER,Net change,2,Children's homes,1.0
For-profit,LEICESTER,Entries,2,Places,30.0
Third Sector,LEICESTER,Entries,2,Children's homes,1.0
For-profit,LEICESTER,Exits,2,Places,9.0
Third Sector,LEICESTER,Entries,2,Places,3.0
For-profit,LEICESTER,Entries,2,Children's homes,8.0
Local Authority,LEICESTER,Entries,2,Children's homes,1.0
For-profit,LEICESTER,Net change,2,Children's homes,4.0
Local Authority,LEICESTERSHIRE,Net change,9,Children's homes,-4.0
For-profit,LEICESTERSHIRE,Exits,9,Places,68.0
Local Authority,LEICESTERSHIRE,Net change,9,Places,-11.0
For-profit,LEICESTERSHIRE,Net change,9,Places,93.0
Third Sector,LEICESTERSHIRE,Net change,9,Children's homes,1.0
For-profit,LEICESTERSHIRE,Exits,9,Children's homes,42.0
Third Sector,LEICESTERSHIRE,Entries,9,Places,2.0
For-profit,LEICESTERSHIRE,Net change,9,Children's homes,10.0
Third Sector,LEICESTERSHIRE,Net change,9,Places,2.0
For-profit,LEICESTERSHIRE,Entries,9,Places,161.0
Local Authority,LEICESTERSHIRE,Exits,9,Children's homes,4.0
Local Authority,LEICESTERSHIRE,Exits,9,Places,11.0
For-profit,LEICESTERSHIRE,Entries,9,Children's homes,52.0
Third Sector,LEICESTERSHIRE,Entries,9,Children's homes,1.0
Third Sector,LEWISHAM,Exits,4,Children's homes,3.0
Third Sector,LEWISHAM,Entries,4,Children's homes,1.0
Third Sector,LEWISHAM,Net change,4,Places,-6.0
For-profit,LEWISHAM,Net change,4,Places,18.0
Third Sector,LEWISHAM,Net change,4,Children's homes,-2.0
For-profit,LEWISHAM,Net change,4,Children's homes,5.0
For-profit,LEWISHAM,Entries,4,Children's homes,5.0
Third Sector,LEWISHAM,Entries,4,Places,5.0
For-profit,LEWISHAM,Entries,4,Places,18.0
Third Sector,LEWISHAM,Exits,4,Places,11.0
Local Authority,LINCOLNSHIRE,Net change,6,Places,11.0
For-profit,LINCOLNSHIRE,Net change,6,Places,47.0
Local Authority,LINCOLNSHIRE,Entries,6,Children's homes,2.0
For-profit,LINCOLNSHIRE,Net change,6,Children's homes,3.0
For-profit,LINCOLNSHIRE,Exits,6,Places,101.0
Local Authority,LINCOLNSHIRE,Net change,6,Children's homes,2.0
Local Authority,LINCOLNSHIRE,Entries,6,Places,11.0
For-profit,LINCOLNSHIRE,Exits,6,Children's homes,18.0
For-profit,LINCOLNSHIRE,Entries,6,Children's homes,21.0
For-profit,LINCOLNSHIRE,Entries,6,Places,148.0
Third Sector,LIVERPOOL,Net change,1,Places,3.0
For-profit,LIVERPOOL,Exits,1,Places,24.0
Local Authority,LIVERPOOL,Exits,1,Children's homes,5.0
Third Sector,LIVERPOOL,Entries,1,Children's homes,1.0
For-profit,LIVERPOOL,Entries,1,Places,63.0
For-profit,LIVERPOOL,Net change,1,Places,39.0
Third Sector,LIVERPOOL,Entries,1,Places,3.0
Local Authority,LIVERPOOL,Net change,1,Children's homes,-5.0
For-profit,LIVERPOOL,Exits,1,Children's homes,15.0
For-profit,LIVERPOOL,Entries,1,Children's homes,21.0
Local Authority,LIVERPOOL,Exits,1,Places,11.0
Third Sector,LIVERPOOL,Net change,1,Children's homes,1.0
Local Authority,LIVERPOOL,Net change,1,Places,-11.0
For-profit,LIVERPOOL,Net change,1,Children's homes,6.0
Third Sector,LUTON,Net change,4,Places,-12.0
Third Sector,LUTON,Exits,4,Places,12.0
Third Sector,LUTON,Net change,4,Children's homes,-4.0
For-profit,LUTON,Exits,4,Places,0.0
For-profit,LUTON,Net change,4,Children's homes,6.0
For-profit,LUTON,Entries,4,Places,28.0
Third Sector,LUTON,Exits,4,Children's homes,4.0
For-profit,LUTON,Exits,4,Children's homes,1.0
For-profit,LUTON,Entries,4,Children's homes,7.0
For-profit,LUTON,Net change,4,Places,28.0
Local Authority,MANCHESTER,Entries,1,Children's homes,1.0
For-profit,MANCHESTER,Entries,1,Places,55.0
Local Authority,MANCHESTER,Entries,1,Places,5.0
For-profit,MANCHESTER,Exits,1,Places,44.0
Local Authority,MANCHESTER,Exits,1,Children's homes,8.0
Local Authority,MANCHESTER,Net change,1,Children's homes,-7.0
Local Authority,MANCHESTER,Exits,1,Places,17.0
For-profit,MANCHESTER,Exits,1,Children's homes,20.0
For-profit,MANCHESTER,Entries,1,Children's homes,20.0
For-profit,MANCHESTER,Net change,1,Places,11.0
Local Authority,MANCHESTER,Net change,1,Places,-12.0
For-profit,MANCHESTER,Net change,1,Children's homes,0.0
For-profit,MEDWAY,Net change,5,Children's homes,1.0
Local Authority,MEDWAY,Entries,5,Children's homes,1.0
Third Sector,MEDWAY,Exits,5,Children's homes,2.0
Local Authority,MEDWAY,Exits,5,Children's homes,4.0
Third Sector,MEDWAY,Exits,5,Places,0.0
Local Authority,MEDWAY,Exits,5,Places,13.0
Local Authority,MEDWAY,Net change,5,Children's homes,-3.0
Local Authority,MEDWAY,Entries,5,Places,6.0
For-profit,MEDWAY,Entries,5,Children's homes,4.0
Local Authority,MEDWAY,Net change,5,Places,-7.0
For-profit,MEDWAY,Entries,5,Places,22.0
For-profit,MEDWAY,Net change,5,Places,4.0
For-profit,MEDWAY,Exits,5,Places,18.0
Third Sector,MEDWAY,Net change,5,Children's homes,-2.0
For-profit,MEDWAY,Exits,5,Children's homes,3.0
Third Sector,MEDWAY,Net change,5,Places,0.0
For-profit,MERTON,Entries,9,Children's homes,4.0
Local Authority,MERTON,Exits,9,Children's homes,2.0
For-profit,MERTON,Exits,9,Places,11.0
Local Authority,MERTON,Net change,9,Children's homes,-2.0
Local Authority,MERTON,Exits,9,Places,7.0
For-profit,MERTON,Exits,9,Children's homes,6.0
For-profit,MERTON,Net change,9,Children's homes,-2.0
For-profit,MERTON,Net change,9,Places,3.0
Local Authority,MERTON,Net change,9,Places,-7.0
For-profit,MERTON,Entries,9,Places,14.0
For-profit,MIDDLESBROUGH,Net change,1,Children's homes,2.0
Local Authority,MIDDLESBROUGH,Entries,1,Places,12.0
Local Authority,MIDDLESBROUGH,Exits,1,Places,6.0
For-profit,MIDDLESBROUGH,Exits,1,Children's homes,2.0
For-profit,MIDDLESBROUGH,Entries,1,Children's homes,4.0
Local Authority,MIDDLESBROUGH,Net change,1,Children's homes,2.0
For-profit,MIDDLESBROUGH,Net change,1,Places,4.0
Local Authority,MIDDLESBROUGH,Net change,1,Places,6.0
For-profit,MIDDLESBROUGH,Entries,1,Places,8.0
For-profit,MIDDLESBROUGH,Exits,1,Places,4.0
Local Authority,MIDDLESBROUGH,Entries,1,Children's homes,3.0
Local Authority,MIDDLESBROUGH,Exits,1,Children's homes,1.0
For-profit,MILTON KEYNES,Net change,8,Places,12.0
Local Authority,MILTON KEYNES,Net change,8,Children's homes,-3.0
For-profit,MILTON KEYNES,Entries,8,Places,12.0
For-profit,MILTON KEYNES,Net change,8,Children's homes,4.0
Local Authority,MILTON KEYNES,Net change,8,Places,-28.0
For-profit,MILTON KEYNES,Entries,8,Children's homes,4.0
Local Authority,MILTON KEYNES,Exits,8,Children's homes,3.0
Local Authority,MILTON KEYNES,Exits,8,Places,28.0
Third Sector,NEWCASTLE UPON TYNE,Exits,3,Children's homes,7.0
Local Authority,NEWCASTLE UPON TYNE,Exits,3,Places,13.0
For-profit,NEWCASTLE UPON TYNE,Entries,3,Children's homes,4.0
For-profit,NEWCASTLE UPON TYNE,Entries,3,Places,15.0
Third Sector,NEWCASTLE UPON TYNE,Entries,3,Children's homes,2.0
Third Sector,NEWCASTLE UPON TYNE,Exits,3,Places,49.0
For-profit,NEWCASTLE UPON TYNE,Net change,3,Children's homes,3.0
Local Authority,NEWCASTLE UPON TYNE,Net change,3,Children's homes,1.0
For-profit,NEWCASTLE UPON TYNE,Exits,3,Children's homes,1.0
Third Sector,NEWCASTLE UPON TYNE,Net change,3,Places,-32.0
Third Sector,NEWCASTLE UPON TYNE,Net change,3,Children's homes,-5.0
For-profit,NEWCASTLE UPON TYNE,Net change,3,Places,15.0
Local Authority,NEWCASTLE UPON TYNE,Exits,3,Children's homes,4.0
Local Authority,NEWCASTLE UPON TYNE,Entries,3,Children's homes,5.0
Third Sector,NEWCASTLE UPON TYNE,Entries,3,Places,17.0
Local Authority,NEWCASTLE UPON TYNE,Net change,3,Places,4.0
For-profit,NEWCASTLE UPON TYNE,Exits,3,Places,0.0
Local Authority,NEWCASTLE UPON TYNE,Entries,3,Places,17.0
For-profit,NEWHAM,Net change,3,Places,7.0
For-profit,NEWHAM,Entries,3,Places,27.0
Local Authority,NEWHAM,Net change,3,Places,-6.0
Local Authority,NEWHAM,Net change,3,Children's homes,-2.0
For-profit,NEWHAM,Net change,3,Children's homes,-2.0
For-profit,NEWHAM,Entries,3,Children's homes,6.0
Local Authority,NEWHAM,Exits,3,Places,6.0
For-profit,NEWHAM,Exits,3,Children's homes,8.0
For-profit,NEWHAM,Exits,3,Places,20.0
Local Authority,NEWHAM,Exits,3,Children's homes,2.0
Third Sector,NORFOLK,Exits,6,Children's homes,7.0
Third Sector,NORFOLK,Net change,6,Places,-13.0
Local Authority,NORFOLK,Net change,6,Places,2.0
For-profit,NORFOLK,Net change,6,Places,-73.0
Third Sector,NORFOLK,Net change,6,Children's homes,-6.0
Local Authority,NORFOLK,Net change,6,Children's homes,1.0
For-profit,NORFOLK,Net change,6,Children's homes,0.0
For-profit,NORFOLK,Exits,6,Places,148.0
Local Authority,NORFOLK,Entries,6,Children's homes,1.0
Third Sector,NORFOLK,Entries,6,Places,2.0
Local Authority,NORFOLK,Entries,6,Places,2.0
For-profit,NORFOLK,Entries,6,Children's homes,20.0
Third Sector,NORFOLK,Exits,6,Places,15.0
For-profit,NORFOLK,Entries,6,Places,75.0
Third Sector,NORFOLK,Entries,6,Children's homes,1.0
For-profit,NORFOLK,Exits,6,Children's homes,20.0
Local Authority,NORTH EAST LINCOLNSHIRE,Exits,2,Children's homes,7.0
For-profit,NORTH EAST LINCOLNSHIRE,Exits,2,Children's homes,1.0
Local Authority,NORTH EAST LINCOLNSHIRE,Net change,2,Places,-3.0
For-profit,NORTH EAST LINCOLNSHIRE,Net change,2,Places,0.0
For-profit,NORTH EAST LINCOLNSHIRE,Exits,2,Places,0.0
Local Authority,NORTH EAST LINCOLNSHIRE,Exits,2,Places,11.0
Local Authority,NORTH EAST LINCOLNSHIRE,Entries,2,Places,8.0
Local Authority,NORTH EAST LINCOLNSHIRE,Entries,2,Children's homes,2.0
For-profit,NORTH EAST LINCOLNSHIRE,Net change,2,Children's homes,-1.0
Local Authority,NORTH EAST LINCOLNSHIRE,Net change,2,Children's homes,-5.0
For-profit,NORTH LINCOLNSHIRE,Entries,6,Children's homes,2.0
For-profit,NORTH LINCOLNSHIRE,Net change,6,Children's homes,0.0
For-profit,NORTH LINCOLNSHIRE,Exits,6,Children's homes,2.0
For-profit,NORTH LINCOLNSHIRE,Entries,6,Places,7.0
For-profit,NORTH LINCOLNSHIRE,Net change,6,Places,3.0
For-profit,NORTH LINCOLNSHIRE,Exits,6,Places,4.0
For-profit,NORTH NORTHAMPTONSHIRE,Entries,7,Children's homes,11.0
For-profit,NORTH NORTHAMPTONSHIRE,Net change,7,Children's homes,11.0
For-profit,NORTH NORTHAMPTONSHIRE,Net change,7,Places,31.0
For-profit,NORTH NORTHAMPTONSHIRE,Entries,7,Places,31.0
For-profit,NORTH SOMERSET,Exits,8,Places,3.0
Third Sector,NORTH SOMERSET,Entries,8,Places,4.0
Third Sector,NORTH SOMERSET,Entries,8,Children's homes,1.0
Third Sector,NORTH SOMERSET,Net change,8,Places,0.0
For-profit,NORTH SOMERSET,Net change,8,Places,3.0
For-profit,NORTH SOMERSET,Exits,8,Children's homes,2.0
Third Sector,NORTH SOMERSET,Exits,8,Children's homes,2.0
Third Sector,NORTH SOMERSET,Exits,8,Places,4.0
For-profit,NORTH SOMERSET,Entries,8,Places,6.0
For-profit,NORTH SOMERSET,Entries,8,Children's homes,2.0
Third Sector,NORTH SOMERSET,Net change,8,Children's homes,-1.0
For-profit,NORTH SOMERSET,Net change,8,Children's homes,0.0
Third Sector,NORTH TYNESIDE,Exits,6,Children's homes,2.0
Third Sector,NORTH TYNESIDE,Net change,6,Children's homes,0.0
For-profit,NORTH TYNESIDE,Net change,6,Places,7.0
Third Sector,NORTH TYNESIDE,Entries,6,Places,26.0
Local Authority,NORTH TYNESIDE,Exits,6,Places,6.0
Local Authority,NORTH TYNESIDE,Exits,6,Children's homes,5.0
Local Authority,NORTH TYNESIDE,Net change,6,Places,5.0
Third Sector,NORTH TYNESIDE,Entries,6,Children's homes,2.0
For-profit,NORTH TYNESIDE,Entries,6,Children's homes,2.0
For-profit,NORTH TYNESIDE,Net change,6,Children's homes,2.0
Third Sector,NORTH TYNESIDE,Net change,6,Places,0.0
Local Authority,NORTH TYNESIDE,Entries,6,Places,11.0
Third Sector,NORTH TYNESIDE,Exits,6,Places,26.0
Local Authority,NORTH TYNESIDE,Entries,6,Children's homes,4.0
For-profit,NORTH TYNESIDE,Entries,6,Places,7.0
Local Authority,NORTH TYNESIDE,Net change,6,Children's homes,-1.0
For-profit,NORTH YORKSHIRE,Net change,9,Children's homes,1.0
Local Authority,NORTH YORKSHIRE,Net change,9,Children's homes,-2.0
Third Sector,NORTH YORKSHIRE,Net change,9,Children's homes,-3.0
Local Authority,NORTH YORKSHIRE,Exits,9,Children's homes,3.0
Third Sector,NORTH YORKSHIRE,Entries,9,Places,5.0
Local Authority,NORTH YORKSHIRE,Net change,9,Places,1.0
Local Authority,NORTH YORKSHIRE,Entries,9,Children's homes,1.0
For-profit,NORTH YORKSHIRE,Entries,9,Places,32.0
For-profit,NORTH YORKSHIRE,Entries,9,Children's homes,9.0
Third Sector,NORTH YORKSHIRE,Net change,9,Places,-6.0
For-profit,NORTH YORKSHIRE,Exits,9,Children's homes,8.0
Local Authority,NORTH YORKSHIRE,Exits,9,Places,5.0
Third Sector,NORTH YORKSHIRE,Exits,9,Children's homes,4.0
Third Sector,NORTH YORKSHIRE,Exits,9,Places,11.0
For-profit,NORTH YORKSHIRE,Exits,9,Places,18.0
Third Sector,NORTH YORKSHIRE,Entries,9,Children's homes,1.0
For-profit,NORTH YORKSHIRE,Net change,9,Places,14.0
Local Authority,NORTH YORKSHIRE,Entries,9,Places,6.0
Local Authority,NORTHAMPTONSHIRE,Net change,7,Children's homes,-3.0
For-profit,NORTHAMPTONSHIRE,Exits,7,Children's homes,20.0
For-profit,NORTHAMPTONSHIRE,Net change,7,Children's homes,13.0
Third Sector,NORTHAMPTONSHIRE,Exits,7,Children's homes,2.0
For-profit,NORTHAMPTONSHIRE,Entries,7,Children's homes,33.0
Local Authority,NORTHAMPTONSHIRE,Entries,7,Children's homes,7.0
Local Authority,NORTHAMPTONSHIRE,Exits,7,Places,35.0
For-profit,NORTHAMPTONSHIRE,Exits,7,Places,56.0
Third Sector,NORTHAMPTONSHIRE,Net change,7,Children's homes,-2.0
Local Authority,NORTHAMPTONSHIRE,Entries,7,Places,28.0
Third Sector,NORTHAMPTONSHIRE,Net change,7,Places,-24.0
Local Authority,NORTHAMPTONSHIRE,Net change,7,Places,-7.0
For-profit,NORTHAMPTONSHIRE,Entries,7,Places,132.0
Local Authority,NORTHAMPTONSHIRE,Exits,7,Children's homes,10.0
Third Sector,NORTHAMPTONSHIRE,Exits,7,Places,24.0
For-profit,NORTHAMPTONSHIRE,Net change,7,Places,76.0
Local Authority,NORTHUMBERLAND,Exits,6,Places,3.0
For-profit,NORTHUMBERLAND,Entries,6,Places,24.0
For-profit,NORTHUMBERLAND,Exits,6,Children's homes,12.0
For-profit,NORTHUMBERLAND,Entries,6,Children's homes,6.0
Local Authority,NORTHUMBERLAND,Exits,6,Children's homes,3.0
For-profit,NORTHUMBERLAND,Exits,6,Places,24.0
For-profit,NORTHUMBERLAND,Net change,6,Children's homes,-6.0
Local Authority,NORTHUMBERLAND,Net change,6,Children's homes,-3.0
For-profit,NORTHUMBERLAND,Net change,6,Places,0.0
Local Authority,NORTHUMBERLAND,Net change,6,Places,-3.0
For-profit,NOTTINGHAM,Net change,1,Places,45.0
Third Sector,NOTTINGHAM,Exits,1,Children's homes,4.0
For-profit,NOTTINGHAM,Entries,1,Places,65.0
Third Sector,NOTTINGHAM,Exits,1,Places,10.0
Local Authority,NOTTINGHAM,Exits,1,Children's homes,1.0
For-profit,NOTTINGHAM,Net change,1,Children's homes,8.0
Local Authority,NOTTINGHAM,Net change,1,Children's homes,0.0
Third Sector,NOTTINGHAM,Entries,1,Places,3.0
For-profit,NOTTINGHAM,Exits,1,Children's homes,9.0
Local Authority,NOTTINGHAM,Entries,1,Places,2.0
Local Authority,NOTTINGHAM,Net change,1,Places,2.0
Third Sector,NOTTINGHAM,Net change,1,Places,-7.0
For-profit,NOTTINGHAM,Exits,1,Places,20.0
For-profit,NOTTINGHAM,Entries,1,Children's homes,17.0
Local Authority,NOTTINGHAM,Entries,1,Children's homes,1.0
Local Authority,NOTTINGHAM,Exits,1,Places,0.0
Third Sector,NOTTINGHAM,Entries,1,Children's homes,1.0
Third Sector,NOTTINGHAM,Net change,1,Children's homes,-3.0
For-profit,NOTTINGHAMSHIRE,Exits,7,Places,25.0
For-profit,NOTTINGHAMSHIRE,Entries,7,Children's homes,33.0
Third Sector,NOTTINGHAMSHIRE,Entries,7,Children's homes,3.0
Local Authority,NOTTINGHAMSHIRE,Entries,7,Children's homes,1.0
For-profit,NOTTINGHAMSHIRE,Entries,7,Places,99.0
For-profit,NOTTINGHAMSHIRE,Net change,7,Children's homes,17.0
Third Sector,NOTTINGHAMSHIRE,Exits,7,Places,0.0
Local Authority,NOTTINGHAMSHIRE,Net change,7,Children's homes,-1.0
Third Sector,NOTTINGHAMSHIRE,Net change,7,Children's homes,2.0
For-profit,NOTTINGHAMSHIRE,Net change,7,Places,74.0
Local Authority,NOTTINGHAMSHIRE,Net change,7,Places,-10.0
Local Authority,NOTTINGHAMSHIRE,Exits,7,Children's homes,2.0
Third Sector,NOTTINGHAMSHIRE,Net change,7,Places,11.0
For-profit,NOTTINGHAMSHIRE,Exits,7,Children's homes,16.0
Third Sector,NOTTINGHAMSHIRE,Exits,7,Children's homes,1.0
Local Authority,NOTTINGHAMSHIRE,Exits,7,Places,12.0
Local Authority,NOTTINGHAMSHIRE,Entries,7,Places,2.0
Third Sector,NOTTINGHAMSHIRE,Entries,7,Places,11.0
Local Authority,OLDHAM,Net change,1,Children's homes,-2.0
For-profit,OLDHAM,Net change,1,Children's homes,7.0
Local Authority,OLDHAM,Net change,1,Places,-4.0
For-profit,OLDHAM,Entries,1,Children's homes,14.0
For-profit,OLDHAM,Entries,1,Places,42.0
For-profit,OLDHAM,Exits,1,Children's homes,7.0
Local Authority,OLDHAM,Exits,1,Places,4.0
For-profit,OLDHAM,Exits,1,Places,17.0
Local Authority,OLDHAM,Exits,1,Children's homes,2.0
For-profit,OLDHAM,Net change,1,Places,25.0
For-profit,OXFORDSHIRE,Entries,10,Children's homes,13.0
For-profit,OXFORDSHIRE,Exits,10,Places,53.0
Third Sector,OXFORDSHIRE,Exits,10,Children's homes,4.0
For-profit,OXFORDSHIRE,Entries,10,Places,88.0
For-profit,OXFORDSHIRE,Exits,10,Children's homes,9.0
Third Sector,OXFORDSHIRE,Exits,10,Places,13.0
Local Authority,OXFORDSHIRE,Exits,10,Children's homes,2.0
For-profit,OXFORDSHIRE,Net change,10,Children's homes,4.0
Local Authority,OXFORDSHIRE,Net change,10,Children's homes,0.0
Third Sector,OXFORDSHIRE,Net change,10,Children's homes,-4.0
For-profit,OXFORDSHIRE,Net change,10,Places,35.0
Local Authority,OXFORDSHIRE,Net change,10,Places,6.0
Third Sector,OXFORDSHIRE,Net change,10,Places,-13.0
Local Authority,OXFORDSHIRE,Entries,10,Places,12.0
Local Authority,OXFORDSHIRE,Entries,10,Children's homes,2.0
Local Authority,OXFORDSHIRE,Exits,10,Places,6.0
For-profit,PETERBOROUGH,Net change,3,Places,29.0
For-profit,PETERBOROUGH,Exits,3,Places,12.0
For-profit,PETERBOROUGH,Net change,3,Children's homes,3.0
For-profit,PETERBOROUGH,Entries,3,Places,41.0
Local Authority,PETERBOROUGH,Net change,3,Children's homes,-2.0
Local Authority,PETERBOROUGH,Exits,3,Places,8.0
For-profit,PETERBOROUGH,Entries,3,Children's homes,10.0
Local Authority,PETERBOROUGH,Net change,3,Places,-8.0
For-profit,PETERBOROUGH,Exits,3,Children's homes,7.0
Local Authority,PETERBOROUGH,Exits,3,Children's homes,2.0
Local Authority,PLYMOUTH,Net change,4,Places,-14.0
For-profit,PLYMOUTH,Net change,4,Places,17.0
Local Authority,PLYMOUTH,Net change,4,Children's homes,-3.0
Local Authority,PLYMOUTH,Exits,4,Places,14.0
For-profit,PLYMOUTH,Entries,4,Places,17.0
Local Authority,PLYMOUTH,Exits,4,Children's homes,3.0
For-profit,PLYMOUTH,Net change,4,Children's homes,9.0
For-profit,PLYMOUTH,Entries,4,Children's homes,9.0
Third Sector,POOLE,Exits,7,Places,34.0
Third Sector,POOLE,Net change,7,Children's homes,-3.0
Third Sector,POOLE,Net change,7,Places,-34.0
Third Sector,POOLE,Exits,7,Children's homes,3.0
Local Authority,PORTSMOUTH,Net change,3,Children's homes,-1.0
Local Authority,PORTSMOUTH,Net change,3,Places,-3.0
Local Authority,PORTSMOUTH,Exits,3,Places,6.0
Local Authority,PORTSMOUTH,Exits,3,Children's homes,2.0
Local Authority,PORTSMOUTH,Entries,3,Children's homes,1.0
Local Authority,PORTSMOUTH,Entries,3,Places,3.0
Local Authority,READING,Exits,7,Places,12.0
For-profit,READING,Entries,7,Children's homes,3.0
Local Authority,READING,Net change,7,Places,-12.0
For-profit,READING,Net change,7,Places,14.0
For-profit,READING,Exits,7,Children's homes,2.0
For-profit,READING,Entries,7,Places,17.0
Third Sector,READING,Net change,7,Children's homes,2.0
Third Sector,READING,Net change,7,Places,12.0
Local Authority,READING,Exits,7,Children's homes,4.0
Third Sector,READING,Entries,7,Children's homes,2.0
For-profit,READING,Exits,7,Places,3.0
Third Sector,READING,Entries,7,Places,12.0
Local Authority,READING,Net change,7,Children's homes,-4.0
For-profit,READING,Net change,7,Children's homes,1.0
For-profit,REDBRIDGE,Exits,8,Children's homes,7.0
Third Sector,REDBRIDGE,Entries,8,Places,3.0
Third Sector,REDBRIDGE,Net change,8,Children's homes,-2.0
For-profit,REDBRIDGE,Net change,8,Places,59.0
Third Sector,REDBRIDGE,Exits,8,Children's homes,3.0
For-profit,REDBRIDGE,Entries,8,Children's homes,17.0
For-profit,REDBRIDGE,Entries,8,Places,79.0
Third Sector,REDBRIDGE,Net change,8,Places,-5.0
For-profit,REDBRIDGE,Exits,8,Places,20.0
Third Sector,REDBRIDGE,Entries,8,Children's homes,1.0
For-profit,REDBRIDGE,Net change,8,Children's homes,10.0
Third Sector,REDBRIDGE,Exits,8,Places,8.0
Local Authority,REDCAR AND CLEVELAND,Entries,2,Children's homes,1.0
Local Authority,REDCAR AND CLEVELAND,Net change,2,Children's homes,1.0
For-profit,REDCAR AND CLEVELAND,Entries,2,Children's homes,5.0
For-profit,REDCAR AND CLEVELAND,Net change,2,Places,13.0
Local Authority,REDCAR AND CLEVELAND,Net change,2,Places,6.0
For-profit,REDCAR AND CLEVELAND,Net change,2,Children's homes,3.0
Local Authority,REDCAR AND CLEVELAND,Entries,2,Places,6.0
For-profit,REDCAR AND CLEVELAND,Exits,2,Places,6.0
For-profit,REDCAR AND CLEVELAND,Exits,2,Children's homes,2.0
For-profit,REDCAR AND CLEVELAND,Entries,2,Places,19.0
For-profit,RICHMOND UPON THAMES,Net change,10,Children's homes,0.0
Local Authority,RICHMOND UPON THAMES,Net change,10,Places,0.0
For-profit,RICHMOND UPON THAMES,Net change,10,Places,3.0
Local Authority,RICHMOND UPON THAMES,Net change,10,Children's homes,-1.0
For-profit,RICHMOND UPON THAMES,Exits,10,Children's homes,1.0
Local Authority,RICHMOND UPON THAMES,Exits,10,Places,0.0
For-profit,RICHMOND UPON THAMES,Exits,10,Places,2.0
For-profit,RICHMOND UPON THAMES,Entries,10,Children's homes,1.0
For-profit,RICHMOND UPON THAMES,Entries,10,Places,5.0
Local Authority,RICHMOND UPON THAMES,Exits,10,Children's homes,1.0
For-profit,ROCHDALE,Entries,1,Children's homes,7.0
Local Authority,ROCHDALE,Entries,1,Children's homes,1.0
Local Authority,ROCHDALE,Exits,1,Places,6.0
Local Authority,ROCHDALE,Entries,1,Places,5.0
For-profit,ROCHDALE,Exits,1,Places,14.0
For-profit,ROCHDALE,Entries,1,Places,16.0
Local Authority,ROCHDALE,Exits,1,Children's homes,4.0
For-profit,ROCHDALE,Net change,1,Children's homes,-13.0
Local Authority,ROCHDALE,Net change,1,Children's homes,-3.0
Local Authority,ROCHDALE,Net change,1,Places,-1.0
For-profit,ROCHDALE,Exits,1,Children's homes,20.0
For-profit,ROCHDALE,Net change,1,Places,2.0
Local Authority,ROTHERHAM,Net change,3,Places,-16.0
For-profit,ROTHERHAM,Net change,3,Children's homes,11.0
Local Authority,ROTHERHAM,Net change,3,Children's homes,-5.0
For-profit,ROTHERHAM,Net change,3,Places,25.0
For-profit,ROTHERHAM,Entries,3,Children's homes,12.0
Local Authority,ROTHERHAM,Entries,3,Children's homes,3.0
Local Authority,ROTHERHAM,Exits,3,Children's homes,8.0
For-profit,ROTHERHAM,Exits,3,Children's homes,1.0
Local Authority,ROTHERHAM,Entries,3,Places,8.0
For-profit,ROTHERHAM,Entries,3,Places,26.0
Local Authority,ROTHERHAM,Exits,3,Places,24.0
For-profit,ROTHERHAM,Exits,3,Places,1.0
For-profit,RUTLAND,Net change,10,Children's homes,-2.0
For-profit,RUTLAND,Exits,10,Places,9.0
For-profit,RUTLAND,Exits,10,Children's homes,2.0
For-profit,RUTLAND,Net change,10,Places,-9.0
For-profit,SALFORD,Net change,1,Children's homes,-1.0
Local Authority,SALFORD,Net change,1,Children's homes,-3.0
Local Authority,SALFORD,Exits,1,Places,6.0
Local Authority,SALFORD,Exits,1,Children's homes,3.0
For-profit,SALFORD,Exits,1,Children's homes,8.0
For-profit,SALFORD,Exits,1,Places,10.0
For-profit,SALFORD,Net change,1,Places,8.0
For-profit,SALFORD,Entries,1,Places,18.0
Local Authority,SALFORD,Net change,1,Places,-6.0
For-profit,SALFORD,Entries,1,Children's homes,7.0
For-profit,SANDWELL,Entries,1,Children's homes,14.0
Third Sector,SANDWELL,Exits,1,Places,3.0
Third Sector,SANDWELL,Exits,1,Children's homes,2.0
Third Sector,SANDWELL,Net change,1,Children's homes,-2.0
For-profit,SANDWELL,Exits,1,Children's homes,10.0
For-profit,SANDWELL,Net change,1,Children's homes,4.0
For-profit,SANDWELL,Exits,1,Places,22.0
Third Sector,SANDWELL,Net change,1,Places,-3.0
For-profit,SANDWELL,Net change,1,Places,22.0
For-profit,SANDWELL,Entries,1,Places,44.0
Third Sector,SEFTON,Entries,3,Places,3.0
Local Authority,SEFTON,Exits,3,Places,4.0
Third Sector,SEFTON,Exits,3,Children's homes,5.0
For-profit,SEFTON,Entries,3,Children's homes,10.0
Local Authority,SEFTON,Exits,3,Children's homes,3.0
For-profit,SEFTON,Exits,3,Children's homes,13.0
For-profit,SEFTON,Net change,3,Children's homes,-3.0
Local Authority,SEFTON,Net change,3,Children's homes,-3.0
Third Sector,SEFTON,Net change,3,Children's homes,-4.0
For-profit,SEFTON,Net change,3,Places,18.0
Local Authority,SEFTON,Net change,3,Places,-4.0
Third Sector,SEFTON,Net change,3,Places,-12.0
Third Sector,SEFTON,Exits,3,Places,15.0
For-profit,SEFTON,Entries,3,Places,28.0
For-profit,SEFTON,Exits,3,Places,10.0
Third Sector,SEFTON,Entries,3,Children's homes,1.0
For-profit,SHEFFIELD,Entries,3,Children's homes,5.0
For-profit,SHEFFIELD,Entries,3,Places,13.0
Local Authority,SHEFFIELD,Exits,3,Children's homes,2.0
For-profit,SHEFFIELD,Exits,3,Places,9.0
Local Authority,SHEFFIELD,Net change,3,Places,-5.0
Local Authority,SHEFFIELD,Exits,3,Places,5.0
For-profit,SHEFFIELD,Exits,3,Children's homes,4.0
For-profit,SHEFFIELD,Net change,3,Children's homes,1.0
Local Authority,SHEFFIELD,Net change,3,Children's homes,-2.0
For-profit,SHEFFIELD,Net change,3,Places,4.0
Local Authority,SHROPSHIRE,Exits,8,Places,1.0
Third Sector,SHROPSHIRE,Net change,8,Places,0.0
Local Authority,SHROPSHIRE,Net change,8,Places,4.0
For-profit,SHROPSHIRE,Net change,8,Places,-72.0
For-profit,SHROPSHIRE,Entries,8,Children's homes,27.0
For-profit,SHROPSHIRE,Exits,8,Places,217.0
For-profit,SHROPSHIRE,Entries,8,Places,145.0
Third Sector,SHROPSHIRE,Net change,8,Children's homes,-1.0
Local Authority,SHROPSHIRE,Net change,8,Children's homes,1.0
Local Authority,SHROPSHIRE,Entries,8,Places,5.0
Third Sector,SHROPSHIRE,Entries,8,Children's homes,1.0
Third Sector,SHROPSHIRE,Exits,8,Places,7.0
For-profit,SHROPSHIRE,Exits,8,Children's homes,47.0
Third Sector,SHROPSHIRE,Entries,8,Places,7.0
Local Authority,SHROPSHIRE,Exits,8,Children's homes,2.0
Third Sector,SHROPSHIRE,Exits,8,Children's homes,2.0
Local Authority,SHROPSHIRE,Entries,8,Children's homes,3.0
For-profit,SHROPSHIRE,Net change,8,Children's homes,-20.0
Third Sector,SLOUGH,Exits,5,Places,12.0
For-profit,SLOUGH,Exits,5,Places,17.0
Third Sector,SLOUGH,Entries,5,Places,5.0
Local Authority,SLOUGH,Net change,5,Places,-7.0
Third Sector,SLOUGH,Entries,5,Children's homes,1.0
For-profit,SLOUGH,Net change,5,Places,-17.0
Third Sector,SLOUGH,Net change,5,Children's homes,-1.0
Local Authority,SLOUGH,Net change,5,Children's homes,-3.0
For-profit,SLOUGH,Net change,5,Children's homes,-4.0
Local Authority,SLOUGH,Exits,5,Children's homes,3.0
For-profit,SLOUGH,Exits,5,Children's homes,4.0
Third Sector,SLOUGH,Net change,5,Places,-7.0
Third Sector,SLOUGH,Exits,5,Children's homes,2.0
Local Authority,SLOUGH,Exits,5,Places,7.0
For-profit,SOLIHULL,Entries,8,Places,17.0
For-profit,SOLIHULL,Exits,8,Places,3.0
For-profit,SOLIHULL,Net change,8,Children's homes,2.0
For-profit,SOLIHULL,Exits,8,Children's homes,2.0
For-profit,SOLIHULL,Entries,8,Children's homes,4.0
For-profit,SOLIHULL,Net change,8,Places,14.0
Local Authority,SOMERSET,Net change,7,Children's homes,-9.0
Third Sector,SOMERSET,Exits,7,Children's homes,8.0
Local Authority,SOMERSET,Exits,7,Children's homes,9.0
For-profit,SOMERSET,Exits,7,Places,130.0
Third Sector,SOMERSET,Net change,7,Children's homes,-8.0
For-profit,SOMERSET,Net change,7,Places,-28.0
Local Authority,SOMERSET,Net change,7,Places,-19.0
Third Sector,SOMERSET,Net change,7,Places,-16.0
For-profit,SOMERSET,Net change,7,Children's homes,-33.0
Local Authority,SOMERSET,Exits,7,Places,19.0
For-profit,SOMERSET,Entries,7,Places,102.0
For-profit,SOMERSET,Exits,7,Children's homes,66.0
For-profit,SOMERSET,Entries,7,Children's homes,33.0
Third Sector,SOMERSET,Exits,7,Places,16.0
Third Sector,SOUTH GLOUCESTERSHIRE,Entries,10,Places,12.0
For-profit,SOUTH GLOUCESTERSHIRE,Entries,10,Children's homes,4.0
Third Sector,SOUTH GLOUCESTERSHIRE,Net change,10,Children's homes,-1.0
For-profit,SOUTH GLOUCESTERSHIRE,Net change,10,Places,-9.0
Third Sector,SOUTH GLOUCESTERSHIRE,Net change,10,Places,6.0
For-profit,SOUTH GLOUCESTERSHIRE,Exits,10,Children's homes,7.0
Third Sector,SOUTH GLOUCESTERSHIRE,Exits,10,Children's homes,2.0
For-profit,SOUTH GLOUCESTERSHIRE,Exits,10,Places,26.0
Third Sector,SOUTH GLOUCESTERSHIRE,Exits,10,Places,6.0
For-profit,SOUTH GLOUCESTERSHIRE,Net change,10,Children's homes,-3.0
Third Sector,SOUTH GLOUCESTERSHIRE,Entries,10,Children's homes,1.0
For-profit,SOUTH GLOUCESTERSHIRE,Entries,10,Places,17.0
For-profit,SOUTH TYNESIDE,Entries,2,Children's homes,1.0
For-profit,SOUTH TYNESIDE,Entries,2,Places,4.0
Local Authority,SOUTH TYNESIDE,Net change,2,Children's homes,1.0
Third Sector,SOUTH TYNESIDE,Exits,2,Children's homes,2.0
For-profit,SOUTH TYNESIDE,Net change,2,Places,4.0
Third Sector,SOUTH TYNESIDE,Net change,2,Children's homes,-2.0
For-profit,SOUTH TYNESIDE,Net change,2,Children's homes,1.0
Local Authority,SOUTH TYNESIDE,Entries,2,Children's homes,1.0
Local Authority,SOUTH TYNESIDE,Entries,2,Places,4.0
Third Sector,SOUTH TYNESIDE,Exits,2,Places,4.0
Local Authority,SOUTH TYNESIDE,Net change,2,Places,4.0
Third Sector,SOUTH TYNESIDE,Net change,2,Places,-4.0
For-profit,SOUTHAMPTON,Exits,4,Children's homes,3.0
For-profit,SOUTHAMPTON,Entries,4,Children's homes,1.0
For-profit,SOUTHAMPTON,Net change,4,Places,-10.0
For-profit,SOUTHAMPTON,Exits,4,Places,12.0
For-profit,SOUTHAMPTON,Entries,4,Places,2.0
For-profit,SOUTHAMPTON,Net change,4,Children's homes,-2.0
For-profit,SOUTHEND ON SEA,Exits,5,Children's homes,2.0
For-profit,SOUTHEND ON SEA,Exits,5,Places,6.0
For-profit,SOUTHEND ON SEA,Net change,5,Children's homes,4.0
For-profit,SOUTHEND ON SEA,Entries,5,Places,26.0
For-profit,SOUTHEND ON SEA,Net change,5,Places,20.0
For-profit,SOUTHEND ON SEA,Entries,5,Children's homes,6.0
Local Authority,SOUTHWARK,Net change,4,Children's homes,0.0
Local Authority,SOUTHWARK,Entries,4,Places,6.0
Local Authority,SOUTHWARK,Net change,4,Places,0.0
For-profit,SOUTHWARK,Net change,4,Children's homes,-1.0
For-profit,SOUTHWARK,Exits,4,Places,0.0
Local Authority,SOUTHWARK,Exits,4,Children's homes,1.0
For-profit,SOUTHWARK,Net change,4,Places,0.0
Local Authority,SOUTHWARK,Entries,4,Children's homes,1.0
Local Authority,SOUTHWARK,Exits,4,Places,6.0
For-profit,SOUTHWARK,Exits,4,Children's homes,1.0
Local Authority,ST HELENS,Net change,2,Children's homes,-1.0
Third Sector,ST HELENS,Net change,2,Places,-36.0
Local Authority,ST HELENS,Net change,2,Places,0.0
For-profit,ST HELENS,Net change,2,Places,23.0
For-profit,ST HELENS,Net change,2,Children's homes,4.0
For-profit,ST HELENS,Exits,2,Children's homes,20.0
Third Sector,ST HELENS,Exits,2,Places,36.0
Local Authority,ST HELENS,Exits,2,Children's homes,1.0
Local Authority,ST HELENS,Exits,2,Places,0.0
For-profit,ST HELENS,Entries,2,Places,59.0
For-profit,ST HELENS,Entries,2,Children's homes,24.0
For-profit,ST HELENS,Exits,2,Places,36.0
Third Sector,ST HELENS,Exits,2,Children's homes,2.0
Third Sector,ST HELENS,Net change,2,Children's homes,-2.0
For-profit,STAFFORDSHIRE,Net change,8,Children's homes,4.0
Local Authority,STAFFORDSHIRE,Exits,8,Children's homes,1.0
Local Authority,STAFFORDSHIRE,Net change,8,Children's homes,0.0
For-profit,STAFFORDSHIRE,Net change,8,Places,96.0
For-profit,STAFFORDSHIRE,Exits,8,Places,210.0
Local Authority,STAFFORDSHIRE,Net change,8,Places,6.0
For-profit,STAFFORDSHIRE,Entries,8,Children's homes,94.0
For-profit,STAFFORDSHIRE,Exits,8,Children's homes,90.0
Local Authority,STAFFORDSHIRE,Entries,8,Places,6.0
Local Authority,STAFFORDSHIRE,Exits,8,Places,0.0
Local Authority,STAFFORDSHIRE,Entries,8,Children's homes,1.0
For-profit,STAFFORDSHIRE,Entries,8,Places,306.0
For-profit,STOCKPORT,Entries,6,Places,11.0
For-profit,STOCKPORT,Exits,6,Places,5.0
Third Sector,STOCKPORT,Exits,6,Children's homes,2.0
For-profit,STOCKPORT,Entries,6,Children's homes,4.0
For-profit,STOCKPORT,Net change,6,Places,6.0
Third Sector,STOCKPORT,Net change,6,Children's homes,-1.0
Local Authority,STOCKPORT,Net change,6,Children's homes,1.0
For-profit,STOCKPORT,Net change,6,Children's homes,0.0
Local Authority,STOCKPORT,Net change,6,Places,5.0
Third Sector,STOCKPORT,Entries,6,Places,4.0
Local Authority,STOCKPORT,Entries,6,Children's homes,1.0
Third Sector,STOCKPORT,Entries,6,Children's homes,1.0
Local Authority,STOCKPORT,Entries,6,Places,5.0
Third Sector,STOCKPORT,Net change,6,Places,-4.0
For-profit,STOCKPORT,Exits,6,Children's homes,4.0
Third Sector,STOCKPORT,Exits,6,Places,8.0
For-profit,STOCKTON ON TEES,Net change,4,Children's homes,5.0
Local Authority,STOCKTON ON TEES,Net change,4,Children's homes,1.0
Local Authority,STOCKTON ON TEES,Net change,4,Places,5.0
For-profit,STOCKTON ON TEES,Entries,4,Places,44.0
For-profit,STOCKTON ON TEES,Net change,4,Places,25.0
For-profit,STOCKTON ON TEES,Entries,4,Children's homes,8.0
Local Authority,STOCKTON ON TEES,Entries,4,Children's homes,1.0
For-profit,STOCKTON ON TEES,Exits,4,Places,19.0
Local Authority,STOCKTON ON TEES,Entries,4,Places,5.0
For-profit,STOCKTON ON TEES,Exits,4,Children's homes,3.0
For-profit,STOKE ON TRENT,Exits,1,Places,30.0
For-profit,STOKE ON TRENT,Entries,1,Places,61.0
For-profit,STOKE ON TRENT,Entries,1,Children's homes,10.0
Local Authority,STOKE ON TRENT,Entries,1,Children's homes,4.0
Local Authority,STOKE ON TRENT,Net change,1,Places,4.0
For-profit,STOKE ON TRENT,Net change,1,Places,31.0
Local Authority,STOKE ON TRENT,Net change,1,Children's homes,0.0
Local Authority,STOKE ON TRENT,Entries,1,Places,8.0
For-profit,STOKE ON TRENT,Exits,1,Children's homes,10.0
Local Authority,STOKE ON TRENT,Exits,1,Places,4.0
Local Authority,STOKE ON TRENT,Exits,1,Children's homes,4.0
For-profit,STOKE ON TRENT,Net change,1,Children's homes,0.0
For-profit,SUFFOLK,Exits,7,Places,24.0
For-profit,SUFFOLK,Entries,7,Children's homes,14.0
Local Authority,SUFFOLK,Entries,7,Children's homes,1.0
For-profit,SUFFOLK,Entries,7,Places,52.0
Third Sector,SUFFOLK,Exits,7,Children's homes,3.0
Local Authority,SUFFOLK,Net change,7,Children's homes,1.0
Third Sector,SUFFOLK,Net change,7,Children's homes,-3.0
For-profit,SUFFOLK,Net change,7,Places,28.0
Local Authority,SUFFOLK,Net change,7,Places,1.0
Local Authority,SUFFOLK,Entries,7,Places,1.0
For-profit,SUFFOLK,Net change,7,Children's homes,4.0
For-profit,SUFFOLK,Exits,7,Children's homes,10.0
Third Sector,SUFFOLK,Exits,7,Places,15.0
Third Sector,SUFFOLK,Net change,7,Places,-15.0
Local Authority,SUNDERLAND,Exits,2,Children's homes,10.0
Third Sector,SUNDERLAND,Entries,2,Children's homes,4.0
For-profit,SUNDERLAND,Entries,2,Children's homes,12.0
Local Authority,SUNDERLAND,Exits,2,Places,31.0
For-profit,SUNDERLAND,Entries,2,Places,63.0
For-profit,SUNDERLAND,Net change,2,Places,63.0
Third Sector,SUNDERLAND,Exits,2,Children's homes,6.0
For-profit,SUNDERLAND,Net change,2,Children's homes,12.0
Local Authority,SUNDERLAND,Net change,2,Children's homes,-10.0
Third Sector,SUNDERLAND,Net change,2,Children's homes,-2.0
Third Sector,SUNDERLAND,Entries,2,Places,18.0
Local Authority,SUNDERLAND,Net change,2,Places,-31.0
Third Sector,SUNDERLAND,Net change,2,Places,3.0
Third Sector,SUNDERLAND,Exits,2,Places,15.0
For-profit,SURREY,Entries,10,Places,37.0
Local Authority,SURREY,Exits,10,Children's homes,5.0
For-profit,SURREY,Exits,10,Places,139.0
Local Authority,SURREY,Net change,10,Places,-14.0
For-profit,SURREY,Net change,10,Places,-102.0
For-profit,SURREY,Exits,10,Children's homes,8.0
Third Sector,SURREY,Entries,10,Places,54.0
Third Sector,SURREY,Exits,10,Places,100.0
Third Sector,SURREY,Net change,10,Children's homes,-1.0
Local Authority,SURREY,Net change,10,Children's homes,-3.0
For-profit,SURREY,Net change,10,Children's homes,0.0
For-profit,SURREY,Entries,10,Children's homes,8.0
Local Authority,SURREY,Entries,10,Places,7.0
Third Sector,SURREY,Exits,10,Children's homes,4.0
Third Sector,SURREY,Entries,10,Children's homes,3.0
Local Authority,SURREY,Entries,10,Children's homes,2.0
Local Authority,SURREY,Exits,10,Places,21.0
Third Sector,SURREY,Net change,10,Places,-46.0
Local Authority,SUTTON,Net change,9,Children's homes,1.0
Local Authority,SUTTON,Entries,9,Places,1.0
For-profit,SUTTON,Exits,9,Children's homes,2.0
Local Authority,SUTTON,Net change,9,Places,1.0
For-profit,SUTTON,Net change,9,Places,2.0
Local Authority,SUTTON,Entries,9,Children's homes,1.0
For-profit,SUTTON,Entries,9,Places,8.0
For-profit,SUTTON,Entries,9,Children's homes,1.0
For-profit,SUTTON,Exits,9,Places,6.0
For-profit,SUTTON,Net change,9,Children's homes,-1.0
For-profit,SWINDON,Entries,7,Places,14.0
For-profit,SWINDON,Entries,7,Children's homes,4.0
For-profit,SWINDON,Net change,7,Places,14.0
For-profit,SWINDON,Exits,7,Children's homes,2.0
For-profit,SWINDON,Net change,7,Children's homes,2.0
For-profit,SWINDON,Exits,7,Places,0.0
For-profit,TAMESIDE,Exits,2,Children's homes,6.0
For-profit,TAMESIDE,Entries,2,Places,31.0
Local Authority,TAMESIDE,Entries,2,Places,6.0
Third Sector,TAMESIDE,Exits,2,Children's homes,1.0
For-profit,TAMESIDE,Exits,2,Places,15.0
Local Authority,TAMESIDE,Entries,2,Children's homes,2.0
Local Authority,TAMESIDE,Exits,2,Places,5.0
Third Sector,TAMESIDE,Exits,2,Places,0.0
For-profit,TAMESIDE,Net change,2,Children's homes,2.0
For-profit,TAMESIDE,Entries,2,Children's homes,8.0
Local Authority,TAMESIDE,Exits,2,Children's homes,2.0
Local Authority,TAMESIDE,Net change,2,Places,1.0
For-profit,TAMESIDE,Net change,2,Places,16.0
Third Sector,TAMESIDE,Net change,2,Children's homes,-1.0
Local Authority,TAMESIDE,Net change,2,Children's homes,0.0
Third Sector,TAMESIDE,Net change,2,Places,0.0
For-profit,TELFORD AND WREKIN,Entries,5,Children's homes,12.0
Third Sector,TELFORD AND WREKIN,Exits,5,Children's homes,2.0
For-profit,TELFORD AND WREKIN,Exits,5,Children's homes,19.0
For-profit,TELFORD AND WREKIN,Exits,5,Places,30.0
Third Sector,TELFORD AND WREKIN,Net change,5,Places,-5.0
For-profit,TELFORD AND WREKIN,Net change,5,Places,5.0
For-profit,TELFORD AND WREKIN,Entries,5,Places,35.0
Third Sector,TELFORD AND WREKIN,Net change,5,Children's homes,-2.0
For-profit,TELFORD AND WREKIN,Net change,5,Children's homes,-7.0
Third Sector,TELFORD AND WREKIN,Exits,5,Places,5.0
For-profit,THURROCK,Net change,6,Places,10.0
For-profit,THURROCK,Entries,6,Children's homes,4.0
For-profit,THURROCK,Net change,6,Children's homes,4.0
For-profit,THURROCK,Entries,6,Places,10.0
For-profit,TORBAY,Exits,3,Children's homes,1.0
For-profit,TORBAY,Exits,3,Places,3.0
For-profit,TORBAY,Net change,3,Places,2.0
For-profit,TORBAY,Entries,3,Places,5.0
For-profit,TORBAY,Entries,3,Children's homes,2.0
For-profit,TORBAY,Net change,3,Children's homes,1.0
For-profit,TOWER HAMLETS,Net change,3,Places,2.0
Third Sector,TOWER HAMLETS,Net change,3,Children's homes,1.0
Third Sector,TOWER HAMLETS,Entries,3,Children's homes,1.0
Third Sector,TOWER HAMLETS,Entries,3,Places,5.0
Local Authority,TOWER HAMLETS,Net change,3,Places,-6.0
Third Sector,TOWER HAMLETS,Net change,3,Places,5.0
For-profit,TOWER HAMLETS,Entries,3,Children's homes,2.0
Local Authority,TOWER HAMLETS,Exits,3,Places,6.0
For-profit,TOWER HAMLETS,Exits,3,Children's homes,2.0
Local Authority,TOWER HAMLETS,Net change,3,Children's homes,-3.0
For-profit,TOWER HAMLETS,Entries,3,Places,7.0
For-profit,TOWER HAMLETS,Net change,3,Children's homes,0.0
For-profit,TOWER HAMLETS,Exits,3,Places,5.0
Local Authority,TOWER HAMLETS,Exits,3,Children's homes,3.0
Local Authority,TRAFFORD,Exits,8,Children's homes,2.0
For-profit,TRAFFORD,Exits,8,Children's homes,2.0
Local Authority,TRAFFORD,Net change,8,Places,-2.0
For-profit,TRAFFORD,Net change,8,Places,0.0
Local Authority,TRAFFORD,Net change,8,Children's homes,-2.0
For-profit,TRAFFORD,Net change,8,Children's homes,0.0
For-profit,TRAFFORD,Entries,8,Places,8.0
Local Authority,TRAFFORD,Exits,8,Places,2.0
For-profit,TRAFFORD,Exits,8,Places,8.0
For-profit,TRAFFORD,Entries,8,Children's homes,2.0
For-profit,WAKEFIELD,Exits,3,Children's homes,6.0
Local Authority,WAKEFIELD,Exits,3,Children's homes,6.0
Local Authority,WAKEFIELD,Exits,3,Places,22.0
For-profit,WAKEFIELD,Entries,3,Children's homes,9.0
For-profit,WAKEFIELD,Exits,3,Places,7.0
For-profit,WAKEFIELD,Net change,3,Places,34.0
Local Authority,WAKEFIELD,Entries,3,Children's homes,6.0
Local Authority,WAKEFIELD,Net change,3,Children's homes,0.0
For-profit,WAKEFIELD,Net change,3,Children's homes,3.0
For-profit,WAKEFIELD,Entries,3,Places,41.0
Local Authority,WAKEFIELD,Entries,3,Places,12.0
Local Authority,WAKEFIELD,Net change,3,Places,-10.0
For-profit,WALSALL,Net change,2,Children's homes,1.0
Third Sector,WALSALL,Net change,2,Children's homes,1.0
For-profit,WALSALL,Net change,2,Places,29.0
Local Authority,WALSALL,Net change,2,Places,-17.0
Third Sector,WALSALL,Net change,2,Places,4.0
Local Authority,WALSALL,Net change,2,Children's homes,-5.0
Local Authority,WALSALL,Exits,2,Places,17.0
Third Sector,WALSALL,Entries,2,Children's homes,1.0
For-profit,WALSALL,Entries,2,Places,50.0
Third Sector,WALSALL,Entries,2,Places,4.0
For-profit,WALSALL,Exits,2,Places,21.0
For-profit,WALSALL,Exits,2,Children's homes,11.0
Local Authority,WALSALL,Exits,2,Children's homes,5.0
For-profit,WALSALL,Entries,2,Children's homes,12.0
Local Authority,WALTHAM FOREST,Entries,5,Places,8.0
For-profit,WALTHAM FOREST,Net change,5,Children's homes,-6.0
Local Authority,WALTHAM FOREST,Net change,5,Children's homes,-1.0
Local Authority,WALTHAM FOREST,Exits,5,Places,8.0
For-profit,WALTHAM FOREST,Net change,5,Places,-9.0
For-profit,WALTHAM FOREST,Entries,5,Children's homes,3.0
Local Authority,WALTHAM FOREST,Entries,5,Children's homes,1.0
Local Authority,WALTHAM FOREST,Exits,5,Children's homes,2.0
For-profit,WALTHAM FOREST,Exits,5,Children's homes,9.0
For-profit,WALTHAM FOREST,Exits,5,Places,21.0
For-profit,WALTHAM FOREST,Entries,5,Places,12.0
Local Authority,WALTHAM FOREST,Net change,5,Places,0.0
Third Sector,WANDSWORTH,Entries,8,Places,9.0
Local Authority,WANDSWORTH,Exits,8,Children's homes,1.0
Third Sector,WANDSWORTH,Entries,8,Children's homes,1.0
Third Sector,WANDSWORTH,Net change,8,Places,9.0
Local Authority,WANDSWORTH,Exits,8,Places,0.0
Third Sector,WANDSWORTH,Exits,8,Children's homes,1.0
Local Authority,WANDSWORTH,Net change,8,Children's homes,-1.0
Third Sector,WANDSWORTH,Net change,8,Children's homes,0.0
Local Authority,WANDSWORTH,Net change,8,Places,0.0
Third Sector,WANDSWORTH,Exits,8,Places,0.0
Third Sector,WARRINGTON,Net change,7,Places,-2.0
Local Authority,WARRINGTON,Net change,7,Places,-4.0
For-profit,WARRINGTON,Entries,7,Places,45.0
For-profit,WARRINGTON,Net change,7,Places,38.0
Third Sector,WARRINGTON,Net change,7,Children's homes,-1.0
Local Authority,WARRINGTON,Entries,7,Children's homes,1.0
For-profit,WARRINGTON,Net change,7,Children's homes,11.0
For-profit,WARRINGTON,Exits,7,Places,7.0
Local Authority,WARRINGTON,Exits,7,Places,6.0
Local Authority,WARRINGTON,Entries,7,Places,2.0
Local Authority,WARRINGTON,Net change,7,Children's homes,-5.0
Third Sector,WARRINGTON,Exits,7,Places,8.0
Third Sector,WARRINGTON,Entries,7,Places,6.0
Third Sector,WARRINGTON,Entries,7,Children's homes,1.0
Local Authority,WARRINGTON,Exits,7,Children's homes,6.0
For-profit,WARRINGTON,Exits,7,Children's homes,5.0
Third Sector,WARRINGTON,Exits,7,Children's homes,2.0
For-profit,WARRINGTON,Entries,7,Children's homes,16.0
For-profit,WARWICKSHIRE,Exits,8,Places,11.0
For-profit,WARWICKSHIRE,Exits,8,Children's homes,3.0
Local Authority,WARWICKSHIRE,Entries,8,Children's homes,1.0
Third Sector,WARWICKSHIRE,Exits,8,Children's homes,2.0
For-profit,WARWICKSHIRE,Entries,8,Places,60.0
Local Authority,WARWICKSHIRE,Entries,8,Places,4.0
For-profit,WARWICKSHIRE,Entries,8,Children's homes,12.0
Third Sector,WARWICKSHIRE,Net change,8,Places,-30.0
Local Authority,WARWICKSHIRE,Net change,8,Places,4.0
For-profit,WARWICKSHIRE,Net change,8,Places,49.0
For-profit,WARWICKSHIRE,Net change,8,Children's homes,9.0
Local Authority,WARWICKSHIRE,Net change,8,Children's homes,1.0
Third Sector,WARWICKSHIRE,Exits,8,Places,30.0
Third Sector,WARWICKSHIRE,Net change,8,Children's homes,-2.0
For-profit,WEST BERKSHIRE,Exits,10,Places,2.0
For-profit,WEST BERKSHIRE,Exits,10,Children's homes,2.0
For-profit,WEST BERKSHIRE,Net change,10,Children's homes,1.0
For-profit,WEST BERKSHIRE,Net change,10,Places,14.0
For-profit,WEST BERKSHIRE,Entries,10,Children's homes,3.0
For-profit,WEST BERKSHIRE,Entries,10,Places,16.0
For-profit,WEST NORTHAMPTONSHIRE,Net change,7,Children's homes,7.0
For-profit,WEST NORTHAMPTONSHIRE,Entries,7,Children's homes,7.0
For-profit,WEST NORTHAMPTONSHIRE,Entries,7,Places,21.0
For-profit,WEST NORTHAMPTONSHIRE,Net change,7,Places,21.0
Local Authority,WEST SUSSEX,Net change,9,Places,0.0
Local Authority,WEST SUSSEX,Entries,9,Places,6.0
Local Authority,WEST SUSSEX,Exits,9,Places,6.0
Local Authority,WEST SUSSEX,Net change,9,Children's homes,-1.0
For-profit,WEST SUSSEX,Net change,9,Children's homes,-13.0
For-profit,WEST SUSSEX,Entries,9,Children's homes,10.0
For-profit,WEST SUSSEX,Net change,9,Places,5.0
Local Authority,WEST SUSSEX,Exits,9,Children's homes,2.0
Local Authority,WEST SUSSEX,Entries,9,Children's homes,1.0
For-profit,WEST SUSSEX,Exits,9,Places,50.0
For-profit,WEST SUSSEX,Entries,9,Places,55.0
For-profit,WEST SUSSEX,Exits,9,Children's homes,23.0
For-profit,WIGAN,Entries,4,Children's homes,23.0
For-profit,WIGAN,Net change,4,Children's homes,14.0
Local Authority,WIGAN,Exits,4,Places,6.0
Local Authority,WIGAN,Entries,4,Places,2.0
Local Authority,WIGAN,Net change,4,Places,-4.0
For-profit,WIGAN,Exits,4,Places,13.0
For-profit,WIGAN,Net change,4,Places,42.0
Local Authority,WIGAN,Exits,4,Children's homes,2.0
Local Authority,WIGAN,Entries,4,Children's homes,1.0
For-profit,WIGAN,Entries,4,Places,55.0
Local Authority,WIGAN,Net change,4,Children's homes,-1.0
For-profit,WIGAN,Exits,4,Children's homes,9.0
For-profit,WILTSHIRE,Exits,9,Children's homes,21.0
For-profit,WILTSHIRE,Entries,9,Places,49.0
Local Authority,WILTSHIRE,Net change,9,Places,3.0
For-profit,WILTSHIRE,Net change,9,Places,8.0
Third Sector,WILTSHIRE,Exits,9,Children's homes,4.0
For-profit,WILTSHIRE,Exits,9,Places,41.0
Local Authority,WILTSHIRE,Entries,9,Places,3.0
Third Sector,WILTSHIRE,Exits,9,Places,10.0
Third Sector,WILTSHIRE,Net change,9,Places,-10.0
Local Authority,WILTSHIRE,Net change,9,Children's homes,1.0
Local Authority,WILTSHIRE,Entries,9,Children's homes,1.0
For-profit,WILTSHIRE,Net change,9,Children's homes,-7.0
Third Sector,WILTSHIRE,Net change,9,Children's homes,-4.0
For-profit,WILTSHIRE,Entries,9,Children's homes,14.0
For-profit,WINDSOR AND MAIDENHEAD,Exits,10,Children's homes,2.0
For-profit,WINDSOR AND MAIDENHEAD,Exits,10,Places,4.0
For-profit,WINDSOR AND MAIDENHEAD,Net change,10,Children's homes,-2.0
For-profit,WINDSOR AND MAIDENHEAD,Net change,10,Places,-4.0
For-profit,WIRRAL,Exits,3,Children's homes,15.0
For-profit,WIRRAL,Net change,3,Children's homes,-4.0
For-profit,WIRRAL,Entries,3,Places,35.0
For-profit,WIRRAL,Exits,3,Places,17.0
For-profit,WIRRAL,Net change,3,Places,18.0
For-profit,WIRRAL,Entries,3,Children's homes,11.0
For-profit,WOKINGHAM,Entries,10,Children's homes,1.0
For-profit,WOKINGHAM,Net change,10,Places,-6.0
For-profit,WOKINGHAM,Exits,10,Places,10.0
For-profit,WOKINGHAM,Net change,10,Children's homes,-4.0
For-profit,WOKINGHAM,Exits,10,Children's homes,5.0
For-profit,WOKINGHAM,Entries,10,Places,4.0
Local Authority,WOLVERHAMPTON,Net change,2,Places,0.0
For-profit,WOLVERHAMPTON,Net change,2,Places,54.0
Local Authority,WOLVERHAMPTON,Net change,2,Children's homes,-3.0
For-profit,WOLVERHAMPTON,Net change,2,Children's homes,12.0
Local Authority,WOLVERHAMPTON,Entries,2,Children's homes,1.0
For-profit,WOLVERHAMPTON,Exits,2,Children's homes,18.0
Local Authority,WOLVERHAMPTON,Entries,2,Places,4.0
For-profit,WOLVERHAMPTON,Entries,2,Children's homes,30.0
For-profit,WOLVERHAMPTON,Exits,2,Places,41.0
For-profit,WOLVERHAMPTON,Entries,2,Places,95.0
Local Authority,WOLVERHAMPTON,Exits,2,Children's homes,4.0
Local Authority,WOLVERHAMPTON,Exits,2,Places,4.0
Third Sector,WORCESTERSHIRE,Net change,7,Places,-4.0
Local Authority,WORCESTERSHIRE,Net change,7,Places,-44.0
For-profit,WORCESTERSHIRE,Net change,7,Places,36.0
Third Sector,WORCESTERSHIRE,Net change,7,Children's homes,-1.0
Local Authority,WORCESTERSHIRE,Net change,7,Children's homes,-17.0
For-profit,WORCESTERSHIRE,Net change,7,Children's homes,2.0
For-profit,WORCESTERSHIRE,Entries,7,Children's homes,22.0
Third Sector,WORCESTERSHIRE,Exits,7,Children's homes,1.0
Local Authority,WORCESTERSHIRE,Exits,7,Children's homes,22.0
Local Authority,WORCESTERSHIRE,Exits,7,Places,65.0
Third Sector,WORCESTERSHIRE,Exits,7,Places,4.0
For-profit,WORCESTERSHIRE,Entries,7,Places,89.0
For-profit,WORCESTERSHIRE,Exits,7,Places,53.0
For-profit,WORCESTERSHIRE,Exits,7,Children's homes,20.0
Local Authority,WORCESTERSHIRE,Entries,7,Children's homes,5.0
Local Authority,WORCESTERSHIRE,Entries,7,Places,21.0
For-profit,YORK,Exits,10,Children's homes,2.0
Local Authority,YORK,Net change,10,Children's homes,0.0
For-profit,YORK,Net change,10,Children's homes,-1.0
Local Authority,YORK,Exits,10,Places,9.0
For-profit,YORK,Net change,10,Places,-3.0
Local Authority,YORK,Entries,10,Children's homes,3.0
For-profit,YORK,Exits,10,Places,6.0
For-profit,YORK,Entries,10,Children's homes,1.0
For-profit,YORK,Entries,10,Places,3.0
Local Authority,YORK,Exits,10,Children's homes,3.0
Local Authority,YORK,Entries,10,Places,10.0
Local Authority,YORK,Net change,10,Places,1.0
